,date,itemName,mealTime,vegan,vegetarian,smartChoice,local,organic,madeWithoutGluten,halal
0,2023-02-11,Waffle Bar,0,0,1,0,0,0,0,0
1,2023-02-11,Vegan Coffee Cake,0,1,1,0,0,0,0,0
2,2023-02-11,Honey Nut Loaf,0,0,1,0,0,0,1,0
3,2023-02-11,Croissant,0,0,1,0,0,0,0,0
4,2023-02-11,Assorted Danishes ,0,0,1,0,0,0,0,0
5,2023-02-11,Apricot Quick Bread,0,0,1,0,0,0,0,0
6,2023-02-11,Assorted Donuts,0,0,1,0,0,0,0,0
7,2023-02-11,Blueberry Muffin,0,0,1,0,0,0,0,0
8,2023-02-11,Vanilla Soft Serve Ice Cream,0,0,1,0,0,0,1,0
9,2023-02-11,Chocolate Soft Serve Ice Cream,0,0,1,0,0,0,1,0
10,2023-02-11,Scrambled Eggs,0,0,1,1,0,0,1,0
11,2023-02-11,Pork Sausage Gravy,0,0,0,0,0,0,1,0
12,2023-02-11,Bacon,0,0,0,0,0,0,1,0
13,2023-02-11,Sausage Links,0,0,0,0,0,0,1,0
14,2023-02-11,Breakfast Potatoes,0,1,1,0,0,0,1,0
15,2023-02-11,Grits,0,1,1,1,0,0,1,0
16,2023-02-11,Biscuits,0,0,1,0,0,0,0,0
17,2023-02-11,Buttermilk Pancakes,0,0,1,0,0,0,0,0
18,2023-02-11,Pancake Syrup ,0,1,1,0,0,0,1,0
19,2023-02-11,Oatmeal,0,1,1,1,0,0,0,0
20,2023-02-11,Low Fat Cottage Cheese,0,0,1,1,0,0,1,0
21,2023-02-11,Strawberry Yogurt,0,0,1,1,0,0,1,0
22,2023-02-11,Vanilla Yogurt,0,0,1,1,0,0,1,0
23,2023-02-11,Applesauce,0,1,1,1,0,0,1,0
24,2023-02-11,Grapes,0,1,1,1,0,0,1,0
25,2023-02-11,Pineapple,0,1,1,1,0,0,1,0
26,2023-02-11,Honey Dew,0,1,1,1,0,0,1,0
27,2023-02-11,Cantaloupe,0,1,1,1,0,0,1,0
28,2023-02-11,Raisins,0,1,1,1,0,0,1,0
29,2023-02-11,Brown Sugar,0,1,1,0,0,0,1,0
30,2023-02-11,Schar Ciabatta Roll,0,1,1,0,0,0,1,0
31,2023-02-11,JP's Brownie,0,1,1,0,0,0,1,0
32,2023-02-11,JP's GF Hawaiian Rolls,0,0,1,0,0,0,1,0
33,2023-02-11,JP's GF Vegan Chocolate Cupcake,0,1,1,0,0,0,1,0
34,2023-02-11,JP's Gluten-Free Blueberry Muffins,0,0,0,0,0,0,1,0
35,2023-02-11,JP's Key Lime Cheesecake Bar,0,0,1,0,0,0,1,0
36,2023-02-11,Katz Powdered Donut Holes,0,0,1,0,0,0,1,0
37,2023-02-11,Katz Cinnamon Donut Hole,0,0,1,0,0,0,1,0
38,2023-02-11,Katz Glazed Donut Holes,0,0,1,0,0,0,1,0
39,2023-02-11,Katz Oatmeal Creme Pie,0,0,1,0,0,0,1,0
40,2023-02-11,Kinnikinnick Birthday Cream Sandwich Cookie,0,1,1,0,0,0,1,0
41,2023-02-11,Kinnikinnick Mint Magic Sandwich Creme Cookies,0,1,1,0,0,0,1,0
42,2023-02-11,Kinnikinnick Cinnabun Fun Sandwich Creme Cookies,0,1,1,0,0,0,1,0
43,2023-02-11,Kinnikinnick Chocolate Sandwich Creme Cookies,0,1,1,0,0,0,1,0
44,2023-02-11,Kinnikinnick Cinnamon Sugar Donuts,0,0,1,0,0,0,1,0
45,2023-02-11,Kinnikinnick Vanilla Glazed Donuts,0,0,1,0,0,0,1,0
46,2023-02-11,O'Doughs Original Bagel,0,1,1,0,0,0,1,0
47,2023-02-11,O'doughs Everything Bagel,0,1,1,0,0,0,1,0
48,2023-02-11,O'Doughs Pumpernickel Bagel,0,1,1,0,0,0,1,0
49,2023-02-11,O'Doughs Original Sandwich Slices,0,1,1,0,0,0,1,0
50,2023-02-11,O'Doughs Multigrain Sandwich Slices,0,1,1,0,0,0,1,0
51,2023-02-11,Ranch,0,0,1,0,0,0,1,0
52,2023-02-11,Ketchup,0,1,1,0,0,0,1,0
53,2023-02-11,BBQ Sauce,0,1,1,0,0,0,1,0
54,2023-02-11,Sriracha Sauce,0,1,1,0,0,0,1,0
55,2023-02-11,Texas Pete Hot Sauce,0,1,1,1,0,0,1,0
56,2023-02-11,Mayonnaise,0,0,1,0,0,0,1,0
57,2023-02-11,Yellow Mustard,0,1,1,1,0,0,1,0
58,2023-02-11,Vegetable Cream Cheese,0,0,1,0,0,0,1,0
59,2023-02-11,Margarine,0,1,1,0,0,0,1,0
60,2023-02-11,Oil and Vinegar,0,1,1,1,0,0,1,0
61,2023-02-11,Tabasco Hot Sauce,0,1,1,1,0,0,1,0
62,2023-02-11,Grape Jelly,0,1,1,0,0,0,1,0
63,2023-02-11,Strawberry Jelly,0,1,1,0,0,0,1,0
64,2023-02-11,Peanut Butter,0,1,1,0,0,0,1,0
65,2023-02-11,Plain Cream Cheese Spread,0,0,1,0,0,0,1,0
66,2023-02-11,Strawberry Cream Cheese,0,0,1,0,0,0,1,0
67,2023-02-11,Chives and Onion Cream Cheese,0,0,1,1,0,0,1,0
68,2023-02-11,Plain Bagel,0,0,1,0,0,0,0,0
69,2023-02-11,Everything Bagel,0,0,1,0,0,0,0,0
70,2023-02-11,Blueberry Bagel,0,0,1,0,0,0,0,0
71,2023-02-11,Cheese Bagel,0,0,1,0,0,0,0,0
72,2023-02-11,Multigrain Bagel,0,1,1,0,0,0,0,0
73,2023-02-11,Rye Bread Slice,0,1,1,0,0,0,0,0
74,2023-02-11,Multigrain Bread,0,0,1,0,0,0,0,0
75,2023-02-11,Wheat Bread Slice,0,1,1,1,0,0,0,0
76,2023-02-11,Kaiser Roll,0,0,1,0,0,0,0,0
77,2023-02-11,Hoagie Roll,0,0,1,0,0,0,0,0
78,2023-02-11,100% Cranberry Juice,0,1,1,0,0,0,1,0
79,2023-02-11,Seasonal Hot Cocoa,0,0,1,0,0,0,1,0
80,2023-02-11,Seasonal Apple Cider,0,1,1,0,1,0,1,0
81,2023-02-11,Maola Whole Milk,0,0,1,0,0,0,1,0
82,2023-02-11,Maola 2% Reduced Fat Milk,0,0,1,0,0,0,1,0
83,2023-02-11,Maola Skim Milk,0,0,1,0,0,0,1,0
84,2023-02-11,Maola 1% Chocolate Milk,0,0,1,0,0,0,1,0
85,2023-02-11,100% Apple Juice,0,1,1,0,0,0,1,0
86,2023-02-11,100% Orange Juice,0,1,1,1,0,0,1,0
87,2023-02-11,Strawberry Kiwi Juice,0,1,1,0,0,0,1,0
88,2023-02-11,Larry's Coffee,0,1,1,1,1,1,1,0
89,2023-02-11,Larry's Decaf Coffee,0,1,1,1,1,1,1,0
90,2023-02-11,Southern Unsweet Tea,0,1,1,0,0,0,0,0
91,2023-02-11,Southern Sweet Tea,0,1,1,0,0,0,0,0
92,2023-02-11,Chocolate Soymilk,0,1,1,1,0,0,1,0
93,2023-02-11,Vanilla Soymilk,0,1,1,1,0,0,1,0
94,2023-02-11,Dr. Pepper,0,1,1,0,0,0,1,0
95,2023-02-11,Diet Dr. Pepper,0,1,1,0,0,0,1,0
96,2023-02-11,Root Beer,0,1,1,0,0,0,1,0
97,2023-02-11,Sunkist Orange,0,1,1,0,0,0,1,0
98,2023-02-11,Sierra Mist,0,1,1,0,0,0,1,0
99,2023-02-11,Tropicana Lemonade,0,1,1,0,0,0,1,0
100,2023-02-11,Tropicana Fruit Punch,0,1,1,0,0,0,1,0
101,2023-02-11,Mountain Dew,0,1,1,0,0,0,1,0
102,2023-02-11,Diet Mountain Dew,0,1,1,0,0,0,1,0
103,2023-02-11,SoBe Lifewater Pomegranate,0,1,1,0,0,0,0,0
104,2023-02-11,Brisk Green Tea Peach,0,1,1,0,0,0,0,0
105,2023-02-11,Cheerwine,0,1,1,0,0,0,1,0
106,2023-02-11,Diet Pepsi,0,1,1,0,0,0,1,0
107,2023-02-11,Pepsi,0,1,1,0,0,0,1,0
108,2023-02-11,Gatorade Fruit Punch,0,1,1,0,0,0,1,0
109,2023-02-11,Gatorade Orange,0,1,1,0,0,0,0,0
110,2023-02-11,Waffle Bar,1,0,1,0,0,0,0,0
111,2023-02-11,Vegan Coffee Cake,1,1,1,0,0,0,0,0
112,2023-02-11,Honey Nut Loaf,1,0,1,0,0,0,1,0
113,2023-02-11,Croissant,1,0,1,0,0,0,0,0
114,2023-02-11,Assorted Danishes ,1,0,1,0,0,0,0,0
115,2023-02-11,Apricot Quick Bread,1,0,1,0,0,0,0,0
116,2023-02-11,Assorted Donuts,1,0,1,0,0,0,0,0
117,2023-02-11,Blueberry Muffin,1,0,1,0,0,0,0,0
118,2023-02-11,Vanilla Soft Serve Ice Cream,1,0,1,0,0,0,1,0
119,2023-02-11,Chocolate Soft Serve Ice Cream,1,0,1,0,0,0,1,0
120,2023-02-11,Herbed Grilled Pork Chop,1,0,0,1,0,0,1,0
121,2023-02-11,Potato Hash,1,1,1,1,0,0,1,0
122,2023-02-11,Steamed Whole Green Beans,1,1,1,1,0,0,1,0
123,2023-02-11,Roasted Apples,1,1,1,0,0,0,1,0
124,2023-02-11,Scrambled Eggs,1,0,1,1,0,0,1,0
125,2023-02-11,Pork Sausage Gravy,1,0,0,0,0,0,1,0
126,2023-02-11,Bacon,1,0,0,0,0,0,1,0
127,2023-02-11,Sausage Links,1,0,0,0,0,0,1,0
128,2023-02-11,Breakfast Potatoes,1,1,1,0,0,0,1,0
129,2023-02-11,Grits,1,1,1,1,0,0,1,0
130,2023-02-11,Biscuits,1,0,1,0,0,0,0,0
131,2023-02-11,Buttermilk Pancakes,1,0,1,0,0,0,0,0
132,2023-02-11,Pancake Syrup ,1,1,1,0,0,0,1,0
133,2023-02-11,Oatmeal,1,1,1,1,0,0,0,0
134,2023-02-11,Chorizo Breakfast Bowl,1,0,0,0,0,0,1,0
135,2023-02-11,Vegetarian Chorizo Breakfast Bowl,1,0,1,0,0,0,1,0
136,2023-02-11,Maple Soy Glazed Crispy Tofu,1,1,1,0,0,0,0,0
137,2023-02-11,Steamed Broccoli ,1,1,1,1,0,0,1,0
138,2023-02-11,Basmati Rice,1,1,1,1,0,0,1,0
139,2023-02-11,Vegan Mango Pancakes,1,1,1,0,0,0,0,0
140,2023-02-11,Basmati Rice,1,1,1,1,0,0,1,0
141,2023-02-11,JUST Egg Scramble,1,1,1,1,0,0,1,0
142,2023-02-11,Spicy Shrimp & Cheddar Grits,1,0,0,0,1,0,0,0
143,2023-02-11,Vegan Cheese Pizza,1,1,1,0,0,0,0,0
144,2023-02-11,Classic Pepperoni Pizza,1,0,0,0,0,0,0,0
145,2023-02-11,Cheese Bread ,1,0,1,0,0,0,0,0
146,2023-02-11,Classic Cheese Pizza,1,0,1,0,0,0,0,0
147,2023-02-11,White Chicken Chili,1,0,0,0,0,0,1,0
148,2023-02-11,Tuscan Minestrone Soup,1,1,1,1,0,0,0,0
149,2023-02-11,White Bread ,1,1,1,0,0,0,0,0
150,2023-02-11,Udi's Multigrain Bread,1,0,1,0,0,0,1,0
151,2023-02-11,Udi's White Bread,1,0,1,0,0,0,1,0
152,2023-02-11,Multigrain Bread,1,1,1,1,0,0,0,0
153,2023-02-11,Wheat Bread Slice,1,1,1,1,0,0,0,0
154,2023-02-11,Sourdough ,1,0,1,0,0,0,0,0
155,2023-02-11,Hoagie Roll,1,0,1,0,0,0,0,0
156,2023-02-11,12' Assorted Wraps,1,1,1,0,0,0,0,0
157,2023-02-11,Vegan American Sliced Cheese,1,1,1,0,0,0,1,0
158,2023-02-11,Sliced Ham,1,0,0,0,0,0,1,0
159,2023-02-11,Sliced Roast Beef,1,0,0,0,0,0,1,0
160,2023-02-11,Sliced Turkey,1,0,0,1,0,0,1,0
161,2023-02-11,Sliced Salami,1,0,0,0,0,0,1,0
162,2023-02-11,Chunky Chicken Salad,1,0,0,0,0,0,1,0
163,2023-02-11,Tuna Salad,1,0,0,0,0,0,1,0
164,2023-02-11,Grilled Chicken Breast,1,0,0,0,0,0,1,0
165,2023-02-11,Sliced Red Onion,1,1,1,1,0,0,1,0
166,2023-02-11,Heirloom Tomatoes,1,1,1,1,0,0,1,0
167,2023-02-11,Sliced Yellow American Cheese,1,0,1,0,0,0,1,0
168,2023-02-11,Sliced Pepper Jack Cheese,1,0,1,0,0,0,1,0
169,2023-02-11,Swiss Cheese,1,0,1,0,0,0,1,0
170,2023-02-11,Sliced Cheddar Cheese,1,0,1,0,0,0,1,0
171,2023-02-11,Black Olives,1,1,1,1,0,0,1,0
172,2023-02-11,Lettuce,1,1,1,1,1,0,1,0
173,2023-02-11,Sliced Dill Pickles ,1,1,1,1,0,0,1,0
174,2023-02-11,Banana Peppers,1,1,1,1,0,0,1,0
175,2023-02-11,Jalapeno Peppers,1,1,1,1,0,0,1,0
176,2023-02-11,Honey Chipotle Sauce,1,0,1,0,0,0,1,0
177,2023-02-11,Sriracha Mayonnaise,1,0,1,0,0,0,1,0
178,2023-02-11,Chipotle Mayonnaise,1,0,1,0,0,0,1,0
179,2023-02-11,Mayonnaise,1,0,1,0,0,0,1,0
180,2023-02-11,Yellow Mustard,1,1,1,1,0,0,1,0
181,2023-02-11,Spicy Brown Mustard,1,1,1,1,0,0,1,0
182,2023-02-11,Oil and Vinegar,1,1,1,1,0,0,1,0
183,2023-02-11,Nut-Free Pesto Sauce,1,0,1,0,0,0,1,0
184,2023-02-11,Strawberries,1,1,1,1,0,0,1,0
185,2023-02-11,Lite Italian Dressing,1,1,1,0,0,0,1,0
186,2023-02-11,Thousand Island Dressing,1,0,1,0,0,0,1,0
187,2023-02-11,Kidney Beans,1,1,1,1,0,0,1,0
188,2023-02-11,Low Fat Cottage Cheese,1,0,1,1,0,0,1,0
189,2023-02-11,Diced Chicken,1,0,0,1,0,0,0,0
190,2023-02-11,Vanilla Yogurt,1,0,1,1,0,0,1,0
191,2023-02-11,Oil and Vinegar,1,1,1,1,0,0,1,0
192,2023-02-11,Strawberry Yogurt,1,0,1,1,0,0,1,0
193,2023-02-11,Applesauce,1,1,1,1,0,0,1,0
194,2023-02-11,Kiwi,1,1,1,1,0,0,1,0
195,2023-02-11,Blueberries,1,1,1,1,0,0,1,0
196,2023-02-11,Strawberries,1,1,1,1,0,0,1,0
197,2023-02-11,Grapes,1,1,1,1,0,0,1,0
198,2023-02-11,Pineapple,1,1,1,1,0,0,1,0
199,2023-02-11,Honey Dew,1,1,1,1,0,0,1,0
200,2023-02-11,Cantaloupe,1,1,1,1,0,0,1,0
201,2023-02-11,Raisins,1,1,1,1,0,0,1,0
202,2023-02-11,Hummus,1,1,1,1,0,0,1,0
203,2023-02-11,Feta Cheese,1,0,1,0,0,0,1,0
204,2023-02-11,Cheddar Cheese,1,0,1,0,0,0,1,0
205,2023-02-11,Diced Tofu,1,1,1,1,1,0,1,0
206,2023-02-11,Quinoa,1,1,1,1,0,0,1,0
207,2023-02-11,Black Beans,1,1,1,1,0,0,1,0
208,2023-02-11,Garbanzo Beans,1,1,1,1,0,0,1,0
209,2023-02-11,Hard Boiled Eggs,1,0,1,0,0,0,0,0
210,2023-02-11,Bacon Bits,1,0,0,0,0,0,1,0
211,2023-02-11,Green Peppers,1,1,1,1,0,0,1,0
212,2023-02-11,Beets,1,1,1,1,0,0,1,0
213,2023-02-11,Sliced Red Onion,1,1,1,1,0,0,1,0
214,2023-02-11,Shredded Carrots,1,1,1,1,0,0,1,0
215,2023-02-11,Sliced Cucumber,1,1,1,1,0,0,1,0
216,2023-02-11,Grape Tomatoes,1,1,1,1,0,0,1,0
217,2023-02-11,Black Olives,1,1,1,1,0,0,1,0
218,2023-02-11,Spring Salad Mix,1,1,1,1,1,0,1,0
219,2023-02-11,Baby Spinach,1,1,1,1,0,0,1,0
220,2023-02-11,Iceberg Lettuce,1,1,1,1,0,0,1,0
221,2023-02-11,Croutons,1,0,1,0,0,0,0,0
222,2023-02-11,Sunflower Seeds,1,1,1,1,0,0,1,0
223,2023-02-11,Craisins,1,1,1,1,0,0,1,0
224,2023-02-11,Ranch Dressing,1,0,1,0,0,0,1,0
225,2023-02-11,Fat-Free Italian Dressing,1,1,1,0,0,0,1,0
226,2023-02-11,Fat-Free French Dressing,1,1,1,0,0,0,1,0
227,2023-02-11,Balsamic Vinaigrette,1,1,1,0,0,0,1,0
228,2023-02-11,Honey Mustard Dressing,1,0,1,0,0,0,1,0
229,2023-02-11,Blue Cheese Dressing,1,0,1,0,0,0,1,0
230,2023-02-11,Caesar Dressing,1,0,0,0,0,0,1,0
231,2023-02-11,Schar Ciabatta Roll,1,1,1,0,0,0,1,0
232,2023-02-11,JP's Brownie,1,1,1,0,0,0,1,0
233,2023-02-11,JP's GF Hawaiian Rolls,1,0,1,0,0,0,1,0
234,2023-02-11,JP's GF Vegan Chocolate Cupcake,1,1,1,0,0,0,1,0
235,2023-02-11,JP's Gluten-Free Blueberry Muffins,1,0,0,0,0,0,1,0
236,2023-02-11,JP's Key Lime Cheesecake Bar,1,0,1,0,0,0,1,0
237,2023-02-11,Katz Powdered Donut Holes,1,0,1,0,0,0,1,0
238,2023-02-11,Katz Cinnamon Donut Hole,1,0,1,0,0,0,1,0
239,2023-02-11,Katz Glazed Donut Holes,1,0,1,0,0,0,1,0
240,2023-02-11,Katz Oatmeal Creme Pie,1,0,1,0,0,0,1,0
241,2023-02-11,Kinnikinnick Birthday Cream Sandwich Cookie,1,1,1,0,0,0,1,0
242,2023-02-11,Kinnikinnick Mint Magic Sandwich Creme Cookies,1,1,1,0,0,0,1,0
243,2023-02-11,Kinnikinnick Cinnabun Fun Sandwich Creme Cookies,1,1,1,0,0,0,1,0
244,2023-02-11,Kinnikinnick Chocolate Sandwich Creme Cookies,1,1,1,0,0,0,1,0
245,2023-02-11,Kinnikinnick Cinnamon Sugar Donuts,1,0,1,0,0,0,1,0
246,2023-02-11,Kinnikinnick Vanilla Glazed Donuts,1,0,1,0,0,0,1,0
247,2023-02-11,O'Doughs Original Bagel,1,1,1,0,0,0,1,0
248,2023-02-11,O'doughs Everything Bagel,1,1,1,0,0,0,1,0
249,2023-02-11,O'Doughs Pumpernickel Bagel,1,1,1,0,0,0,1,0
250,2023-02-11,O'Doughs Original Sandwich Slices,1,1,1,0,0,0,1,0
251,2023-02-11,O'Doughs Multigrain Sandwich Slices,1,1,1,0,0,0,1,0
252,2023-02-11,Apple Jacks,1,0,1,0,0,0,0,0
253,2023-02-11,Cinnamon Toast Crunch,1,0,1,0,0,0,0,0
254,2023-02-11,Frosted Flakes,1,0,1,0,0,0,0,0
255,2023-02-11,Cocoa Puffs,1,0,1,0,0,0,0,0
256,2023-02-11,Lucky Charms,1,0,0,0,0,0,0,0
257,2023-02-11,Krave Chocolate Cereal,1,0,1,0,0,0,0,0
258,2023-02-11,Cheerios,1,0,1,1,0,0,1,0
259,2023-02-11,Raisin Bran,1,0,1,0,0,0,0,0
260,2023-02-11,Froot Loops,1,0,1,0,0,0,0,0
261,2023-02-11,Oats and Honey Granola,1,0,1,0,0,0,0,0
262,2023-02-11,Ranch,1,0,1,0,0,0,1,0
263,2023-02-11,Ketchup,1,1,1,0,0,0,1,0
264,2023-02-11,BBQ Sauce,1,1,1,0,0,0,1,0
265,2023-02-11,Sriracha Sauce,1,1,1,0,0,0,1,0
266,2023-02-11,Texas Pete Hot Sauce,1,1,1,1,0,0,1,0
267,2023-02-11,Mayonnaise,1,0,1,0,0,0,1,0
268,2023-02-11,Yellow Mustard,1,1,1,1,0,0,1,0
269,2023-02-11,Vegetable Cream Cheese,1,0,1,0,0,0,1,0
270,2023-02-11,Margarine,1,1,1,0,0,0,1,0
271,2023-02-11,Oil and Vinegar,1,1,1,1,0,0,1,0
272,2023-02-11,Tabasco Hot Sauce,1,1,1,1,0,0,1,0
273,2023-02-11,Grape Jelly,1,1,1,0,0,0,1,0
274,2023-02-11,Strawberry Jelly,1,1,1,0,0,0,1,0
275,2023-02-11,Peanut Butter,1,1,1,0,0,0,1,0
276,2023-02-11,Plain Cream Cheese Spread,1,0,1,0,0,0,1,0
277,2023-02-11,Strawberry Cream Cheese,1,0,1,0,0,0,1,0
278,2023-02-11,Chives and Onion Cream Cheese,1,0,1,1,0,0,1,0
279,2023-02-11,Plain Bagel,1,0,1,0,0,0,0,0
280,2023-02-11,Everything Bagel,1,0,1,0,0,0,0,0
281,2023-02-11,Blueberry Bagel,1,0,1,0,0,0,0,0
282,2023-02-11,Cheese Bagel,1,0,1,0,0,0,0,0
283,2023-02-11,Multigrain Bagel,1,1,1,0,0,0,0,0
284,2023-02-11,Rye Bread Slice,1,1,1,0,0,0,0,0
285,2023-02-11,Multigrain Bread,1,0,1,0,0,0,0,0
286,2023-02-11,Wheat Bread Slice,1,1,1,1,0,0,0,0
287,2023-02-11,Kaiser Roll,1,0,1,0,0,0,0,0
288,2023-02-11,Hoagie Roll,1,0,1,0,0,0,0,0
289,2023-02-11,100% Cranberry Juice,1,1,1,0,0,0,1,0
290,2023-02-11,Seasonal Hot Cocoa,1,0,1,0,0,0,1,0
291,2023-02-11,Seasonal Apple Cider,1,1,1,0,1,0,1,0
292,2023-02-11,Maola Whole Milk,1,0,1,0,0,0,1,0
293,2023-02-11,Maola 2% Reduced Fat Milk,1,0,1,0,0,0,1,0
294,2023-02-11,Maola Skim Milk,1,0,1,0,0,0,1,0
295,2023-02-11,Maola 1% Chocolate Milk,1,0,1,0,0,0,1,0
296,2023-02-11,100% Apple Juice,1,1,1,0,0,0,1,0
297,2023-02-11,100% Orange Juice,1,1,1,1,0,0,1,0
298,2023-02-11,Strawberry Kiwi Juice,1,1,1,0,0,0,1,0
299,2023-02-11,Larry's Coffee,1,1,1,1,1,1,1,0
300,2023-02-11,Larry's Decaf Coffee,1,1,1,1,1,1,1,0
301,2023-02-11,Southern Unsweet Tea,1,1,1,0,0,0,0,0
302,2023-02-11,Southern Sweet Tea,1,1,1,0,0,0,0,0
303,2023-02-11,Chocolate Soymilk,1,1,1,1,0,0,1,0
304,2023-02-11,Vanilla Soymilk,1,1,1,1,0,0,1,0
305,2023-02-11,Dr. Pepper,1,1,1,0,0,0,1,0
306,2023-02-11,Diet Dr. Pepper,1,1,1,0,0,0,1,0
307,2023-02-11,Root Beer,1,1,1,0,0,0,1,0
308,2023-02-11,Sunkist Orange,1,1,1,0,0,0,1,0
309,2023-02-11,Sierra Mist,1,1,1,0,0,0,1,0
310,2023-02-11,Tropicana Lemonade,1,1,1,0,0,0,1,0
311,2023-02-11,Tropicana Fruit Punch,1,1,1,0,0,0,1,0
312,2023-02-11,Mountain Dew,1,1,1,0,0,0,1,0
313,2023-02-11,Diet Mountain Dew,1,1,1,0,0,0,1,0
314,2023-02-11,SoBe Lifewater Pomegranate,1,1,1,0,0,0,0,0
315,2023-02-11,Brisk Green Tea Peach,1,1,1,0,0,0,0,0
316,2023-02-11,Cheerwine,1,1,1,0,0,0,1,0
317,2023-02-11,Diet Pepsi,1,1,1,0,0,0,1,0
318,2023-02-11,Pepsi,1,1,1,0,0,0,1,0
319,2023-02-11,Gatorade Fruit Punch,1,1,1,0,0,0,1,0
320,2023-02-11,Gatorade Orange,1,1,1,0,0,0,0,0
321,2023-02-11,Waffle Bar,2,0,1,0,0,0,0,0
322,2023-02-11,Assorted Cookies,2,0,1,0,0,0,0,0
323,2023-02-11,Rice Krispie Treats,2,0,0,0,0,0,0,0
324,2023-02-11,Fudge Brownie,2,0,1,0,0,0,0,0
325,2023-02-11,Chocolate Soft Serve Ice Cream,2,0,1,0,0,0,1,0
326,2023-02-11,Vanilla Soft Serve Ice Cream,2,0,1,0,0,0,1,0
327,2023-02-11,Classic Cheese Pizza,2,0,1,0,0,0,0,0
328,2023-02-11,Classic Pepperoni Pizza,2,0,0,0,0,0,0,0
329,2023-02-11,Cheese Bread ,2,0,1,0,0,0,0,0
330,2023-02-11,White Chicken Chili,2,0,0,0,0,0,1,0
331,2023-02-11,Tuscan Minestrone Soup,2,1,1,1,0,0,0,0
332,2023-02-11,White Bread ,2,1,1,0,0,0,0,0
333,2023-02-11,Udi's Multigrain Bread,2,0,1,0,0,0,1,0
334,2023-02-11,Udi's White Bread,2,0,1,0,0,0,1,0
335,2023-02-11,Multigrain Bread,2,1,1,1,0,0,0,0
336,2023-02-11,Wheat Bread Slice,2,1,1,1,0,0,0,0
337,2023-02-11,Sourdough ,2,0,1,0,0,0,0,0
338,2023-02-11,Hoagie Roll,2,0,1,0,0,0,0,0
339,2023-02-11,12' Assorted Wraps,2,1,1,0,0,0,0,0
340,2023-02-11,Vegan American Sliced Cheese,2,1,1,0,0,0,1,0
341,2023-02-11,Sliced Ham,2,0,0,0,0,0,1,0
342,2023-02-11,Sliced Roast Beef,2,0,0,0,0,0,1,0
343,2023-02-11,Sliced Turkey,2,0,0,1,0,0,1,0
344,2023-02-11,Sliced Salami,2,0,0,0,0,0,1,0
345,2023-02-11,Chunky Chicken Salad,2,0,0,0,0,0,1,0
346,2023-02-11,Tuna Salad,2,0,0,0,0,0,1,0
347,2023-02-11,Grilled Chicken Breast,2,0,0,0,0,0,1,0
348,2023-02-11,Sliced Red Onion,2,1,1,1,0,0,1,0
349,2023-02-11,Heirloom Tomatoes,2,1,1,1,0,0,1,0
350,2023-02-11,Sliced Yellow American Cheese,2,0,1,0,0,0,1,0
351,2023-02-11,Sliced Pepper Jack Cheese,2,0,1,0,0,0,1,0
352,2023-02-11,Swiss Cheese,2,0,1,0,0,0,1,0
353,2023-02-11,Sliced Cheddar Cheese,2,0,1,0,0,0,1,0
354,2023-02-11,Black Olives,2,1,1,1,0,0,1,0
355,2023-02-11,Lettuce,2,1,1,1,1,0,1,0
356,2023-02-11,Sliced Dill Pickles ,2,1,1,1,0,0,1,0
357,2023-02-11,Banana Peppers,2,1,1,1,0,0,1,0
358,2023-02-11,Jalapeno Peppers,2,1,1,1,0,0,1,0
359,2023-02-11,Honey Chipotle Sauce,2,0,1,0,0,0,1,0
360,2023-02-11,Sriracha Mayonnaise,2,0,1,0,0,0,1,0
361,2023-02-11,Chipotle Mayonnaise,2,0,1,0,0,0,1,0
362,2023-02-11,Mayonnaise,2,0,1,0,0,0,1,0
363,2023-02-11,Yellow Mustard,2,1,1,1,0,0,1,0
364,2023-02-11,Spicy Brown Mustard,2,1,1,1,0,0,1,0
365,2023-02-11,Oil and Vinegar,2,1,1,1,0,0,1,0
366,2023-02-11,Nut-Free Pesto Sauce,2,0,1,0,0,0,1,0
367,2023-02-11,Strawberries,2,1,1,1,0,0,1,0
368,2023-02-11,Lite Italian Dressing,2,1,1,0,0,0,1,0
369,2023-02-11,Thousand Island Dressing,2,0,1,0,0,0,1,0
370,2023-02-11,Kidney Beans,2,1,1,1,0,0,1,0
371,2023-02-11,Low Fat Cottage Cheese,2,0,1,1,0,0,1,0
372,2023-02-11,Diced Chicken,2,0,0,1,0,0,0,0
373,2023-02-11,Vanilla Yogurt,2,0,1,1,0,0,1,0
374,2023-02-11,Oil and Vinegar,2,1,1,1,0,0,1,0
375,2023-02-11,Strawberry Yogurt,2,0,1,1,0,0,1,0
376,2023-02-11,Applesauce,2,1,1,1,0,0,1,0
377,2023-02-11,Kiwi,2,1,1,1,0,0,1,0
378,2023-02-11,Blueberries,2,1,1,1,0,0,1,0
379,2023-02-11,Strawberries,2,1,1,1,0,0,1,0
380,2023-02-11,Grapes,2,1,1,1,0,0,1,0
381,2023-02-11,Pineapple,2,1,1,1,0,0,1,0
382,2023-02-11,Honey Dew,2,1,1,1,0,0,1,0
383,2023-02-11,Cantaloupe,2,1,1,1,0,0,1,0
384,2023-02-11,Raisins,2,1,1,1,0,0,1,0
385,2023-02-11,Hummus,2,1,1,1,0,0,1,0
386,2023-02-11,Feta Cheese,2,0,1,0,0,0,1,0
387,2023-02-11,Cheddar Cheese,2,0,1,0,0,0,1,0
388,2023-02-11,Diced Tofu,2,1,1,1,1,0,1,0
389,2023-02-11,Quinoa,2,1,1,1,0,0,1,0
390,2023-02-11,Black Beans,2,1,1,1,0,0,1,0
391,2023-02-11,Garbanzo Beans,2,1,1,1,0,0,1,0
392,2023-02-11,Hard Boiled Eggs,2,0,1,0,0,0,0,0
393,2023-02-11,Bacon Bits,2,0,0,0,0,0,1,0
394,2023-02-11,Green Peppers,2,1,1,1,0,0,1,0
395,2023-02-11,Beets,2,1,1,1,0,0,1,0
396,2023-02-11,Sliced Red Onion,2,1,1,1,0,0,1,0
397,2023-02-11,Shredded Carrots,2,1,1,1,0,0,1,0
398,2023-02-11,Sliced Cucumber,2,1,1,1,0,0,1,0
399,2023-02-11,Grape Tomatoes,2,1,1,1,0,0,1,0
400,2023-02-11,Black Olives,2,1,1,1,0,0,1,0
401,2023-02-11,Spring Salad Mix,2,1,1,1,1,0,1,0
402,2023-02-11,Baby Spinach,2,1,1,1,0,0,1,0
403,2023-02-11,Iceberg Lettuce,2,1,1,1,0,0,1,0
404,2023-02-11,Croutons,2,0,1,0,0,0,0,0
405,2023-02-11,Sunflower Seeds,2,1,1,1,0,0,1,0
406,2023-02-11,Craisins,2,1,1,1,0,0,1,0
407,2023-02-11,Ranch Dressing,2,0,1,0,0,0,1,0
408,2023-02-11,Fat-Free Italian Dressing,2,1,1,0,0,0,1,0
409,2023-02-11,Fat-Free French Dressing,2,1,1,0,0,0,1,0
410,2023-02-11,Balsamic Vinaigrette,2,1,1,0,0,0,1,0
411,2023-02-11,Honey Mustard Dressing,2,0,1,0,0,0,1,0
412,2023-02-11,Blue Cheese Dressing,2,0,1,0,0,0,1,0
413,2023-02-11,Caesar Dressing,2,0,0,0,0,0,1,0
414,2023-02-11,Schar Ciabatta Roll,2,1,1,0,0,0,1,0
415,2023-02-11,JP's Brownie,2,1,1,0,0,0,1,0
416,2023-02-11,JP's GF Hawaiian Rolls,2,0,1,0,0,0,1,0
417,2023-02-11,JP's GF Vegan Chocolate Cupcake,2,1,1,0,0,0,1,0
418,2023-02-11,JP's Gluten-Free Blueberry Muffins,2,0,0,0,0,0,1,0
419,2023-02-11,JP's Key Lime Cheesecake Bar,2,0,1,0,0,0,1,0
420,2023-02-11,Katz Powdered Donut Holes,2,0,1,0,0,0,1,0
421,2023-02-11,Katz Cinnamon Donut Hole,2,0,1,0,0,0,1,0
422,2023-02-11,Katz Glazed Donut Holes,2,0,1,0,0,0,1,0
423,2023-02-11,Katz Oatmeal Creme Pie,2,0,1,0,0,0,1,0
424,2023-02-11,Kinnikinnick Birthday Cream Sandwich Cookie,2,1,1,0,0,0,1,0
425,2023-02-11,Kinnikinnick Mint Magic Sandwich Creme Cookies,2,1,1,0,0,0,1,0
426,2023-02-11,Kinnikinnick Cinnabun Fun Sandwich Creme Cookies,2,1,1,0,0,0,1,0
427,2023-02-11,Kinnikinnick Chocolate Sandwich Creme Cookies,2,1,1,0,0,0,1,0
428,2023-02-11,Kinnikinnick Cinnamon Sugar Donuts,2,0,1,0,0,0,1,0
429,2023-02-11,Kinnikinnick Vanilla Glazed Donuts,2,0,1,0,0,0,1,0
430,2023-02-11,O'Doughs Original Bagel,2,1,1,0,0,0,1,0
431,2023-02-11,O'doughs Everything Bagel,2,1,1,0,0,0,1,0
432,2023-02-11,O'Doughs Pumpernickel Bagel,2,1,1,0,0,0,1,0
433,2023-02-11,O'Doughs Original Sandwich Slices,2,1,1,0,0,0,1,0
434,2023-02-11,O'Doughs Multigrain Sandwich Slices,2,1,1,0,0,0,1,0
435,2023-02-11,Apple Jacks,2,0,1,0,0,0,0,0
436,2023-02-11,Cinnamon Toast Crunch,2,0,1,0,0,0,0,0
437,2023-02-11,Frosted Flakes,2,0,1,0,0,0,0,0
438,2023-02-11,Cocoa Puffs,2,0,1,0,0,0,0,0
439,2023-02-11,Lucky Charms,2,0,0,0,0,0,0,0
440,2023-02-11,Krave Chocolate Cereal,2,0,1,0,0,0,0,0
441,2023-02-11,Cheerios,2,0,1,1,0,0,1,0
442,2023-02-11,Raisin Bran,2,0,1,0,0,0,0,0
443,2023-02-11,Froot Loops,2,0,1,0,0,0,0,0
444,2023-02-11,Oats and Honey Granola,2,0,1,0,0,0,0,0
445,2023-02-11,Ketchup,2,1,1,0,0,0,1,0
446,2023-02-11,Oil and Vinegar,2,1,1,1,0,0,1,0
447,2023-02-11,Strawberry Jelly,2,1,1,0,0,0,1,0
448,2023-02-11,Strawberry Cream Cheese,2,0,1,0,0,0,1,0
449,2023-02-11,Yellow Mustard,2,1,1,1,0,0,1,0
450,2023-02-11,Original Creamer,2,0,1,0,0,0,1,0
451,2023-02-11,French Vanilla Creamer,2,0,1,0,0,0,1,0
452,2023-02-11,Hazelnut Creamer,2,0,1,0,0,0,1,0
453,2023-02-11,Vegetable Cream Cheese,2,0,1,0,0,0,1,0
454,2023-02-11,Creamy Peanut Butter,2,1,1,0,0,0,1,0
455,2023-02-11,Texas Pete Hot Sauce,2,1,1,1,0,0,1,0
456,2023-02-11,Sriracha Sauce,2,1,1,0,0,0,1,0
457,2023-02-11,Ranch,2,0,1,0,0,0,1,0
458,2023-02-11,Grape Jelly,2,1,1,0,0,0,1,0
459,2023-02-11,Plain Cream Cheese Spread,2,0,1,0,0,0,1,0
460,2023-02-11,Margarine,2,1,1,0,0,0,1,0
461,2023-02-11,Plain Bagel,2,0,1,0,0,0,0,0
462,2023-02-11,Everything Bagel,2,0,1,0,0,0,0,0
463,2023-02-11,Blueberry Bagel,2,0,1,0,0,0,0,0
464,2023-02-11,Cheese Bagel,2,0,1,0,0,0,0,0
465,2023-02-11,Multigrain Bagel,2,1,1,0,0,0,0,0
466,2023-02-11,Rye Bread Slice,2,1,1,0,0,0,0,0
467,2023-02-11,Multigrain Bread,2,0,1,0,0,0,0,0
468,2023-02-11,Wheat Bread Slice,2,1,1,1,0,0,0,0
469,2023-02-11,Kaiser Roll,2,0,1,0,0,0,0,0
470,2023-02-11,Hoagie Roll,2,0,1,0,0,0,0,0
471,2023-02-11,100% Cranberry Juice,2,1,1,0,0,0,1,0
472,2023-02-11,Seasonal Hot Cocoa,2,0,1,0,0,0,1,0
473,2023-02-11,Seasonal Apple Cider,2,1,1,0,1,0,1,0
474,2023-02-11,Maola Whole Milk,2,0,1,0,0,0,1,0
475,2023-02-11,Maola 2% Reduced Fat Milk,2,0,1,0,0,0,1,0
476,2023-02-11,Maola Skim Milk,2,0,1,0,0,0,1,0
477,2023-02-11,Maola 1% Chocolate Milk,2,0,1,0,0,0,1,0
478,2023-02-11,100% Apple Juice,2,1,1,0,0,0,1,0
479,2023-02-11,100% Orange Juice,2,1,1,1,0,0,1,0
480,2023-02-11,Strawberry Kiwi Juice,2,1,1,0,0,0,1,0
481,2023-02-11,Larry's Coffee,2,1,1,1,1,1,1,0
482,2023-02-11,Larry's Decaf Coffee,2,1,1,1,1,1,1,0
483,2023-02-11,Southern Unsweet Tea,2,1,1,0,0,0,0,0
484,2023-02-11,Southern Sweet Tea,2,1,1,0,0,0,0,0
485,2023-02-11,Chocolate Soymilk,2,1,1,1,0,0,1,0
486,2023-02-11,Vanilla Soymilk,2,1,1,1,0,0,1,0
487,2023-02-11,Dr. Pepper,2,1,1,0,0,0,1,0
488,2023-02-11,Diet Dr. Pepper,2,1,1,0,0,0,1,0
489,2023-02-11,Root Beer,2,1,1,0,0,0,1,0
490,2023-02-11,Sunkist Orange,2,1,1,0,0,0,1,0
491,2023-02-11,Sierra Mist,2,1,1,0,0,0,1,0
492,2023-02-11,Tropicana Lemonade,2,1,1,0,0,0,1,0
493,2023-02-11,Tropicana Fruit Punch,2,1,1,0,0,0,1,0
494,2023-02-11,Mountain Dew,2,1,1,0,0,0,1,0
495,2023-02-11,Diet Mountain Dew,2,1,1,0,0,0,1,0
496,2023-02-11,SoBe Lifewater Pomegranate,2,1,1,0,0,0,0,0
497,2023-02-11,Brisk Green Tea Peach,2,1,1,0,0,0,0,0
498,2023-02-11,Cheerwine,2,1,1,0,0,0,1,0
499,2023-02-11,Diet Pepsi,2,1,1,0,0,0,1,0
500,2023-02-11,Pepsi,2,1,1,0,0,0,1,0
501,2023-02-11,Gatorade Fruit Punch,2,1,1,0,0,0,1,0
502,2023-02-11,Gatorade Orange,2,1,1,0,0,0,0,0
503,2023-02-11,Waffle Bar,3,0,1,0,0,0,0,0
504,2023-02-11,Cinnamon Donut Bites,3,0,1,0,0,0,0,0
505,2023-02-11,Chocolate Peanut Butter Cake,3,1,1,0,0,0,0,0
506,2023-02-11,Chocolate Chip Cookie,3,0,1,0,0,0,1,0
507,2023-02-11,Cake Batter Sugar Cookie,3,0,1,0,0,0,0,0
508,2023-02-11,Vanilla Soft Serve Ice Cream,3,0,1,0,0,0,1,0
509,2023-02-11,Chocolate Soft Serve Ice Cream,3,0,1,0,0,0,1,0
510,2023-02-11,Fudge Brownie,3,0,1,0,0,0,0,0
511,2023-02-11,Assorted Cookies,3,0,1,0,0,0,0,0
512,2023-02-11,Rice Krispie Treats,3,0,0,0,0,0,0,0
513,2023-02-11,Honey BBQ Chicken,3,0,0,0,0,0,1,1
514,2023-02-11,Steamed Corn,3,1,1,1,0,0,1,0
515,2023-02-11,Steamed Green Peas,3,1,1,1,0,0,1,0
516,2023-02-11,EVOO Mashed Potatoes,3,1,1,1,0,0,1,0
517,2023-02-11,Sweet Korean Flank Steak,3,0,0,0,0,0,0,0
518,2023-02-11,Sesame Garlic Bok Choy,3,1,1,1,0,0,1,0
519,2023-02-11,Roasted Mushrooms,3,1,1,1,0,0,1,0
520,2023-02-11,Basmati Rice,3,1,1,1,0,0,1,0
521,2023-02-11,Crispy Chicken Nuggets,3,0,0,0,0,0,0,0
522,2023-02-11,Smiley Fries,3,1,1,0,0,0,0,0
523,2023-02-11,Garden Burger Patty,3,0,1,1,0,0,0,0
524,2023-02-11,Black Bean Burger Patty,3,0,1,1,0,0,0,0
525,2023-02-11,Udi's Gluten-Free Hamburger Bun,3,0,1,0,0,0,1,0
526,2023-02-11,Hamburger Bun,3,1,1,0,0,0,0,0
527,2023-02-11,Vegan Cheddar Cheese,3,1,1,0,0,0,0,0
528,2023-02-11,Potato & Kale Enchiladas,3,1,1,0,0,0,0,0
529,2023-02-11,Fried Yucca,3,1,1,0,0,0,1,0
530,2023-02-11,Seasoned Black Beans,3,1,1,1,0,0,1,0
531,2023-02-11,White Rice,3,1,1,1,0,0,1,0
532,2023-02-11,Sunflower Seeds,3,1,1,1,0,0,1,0
533,2023-02-11,Confetti Corn Salad,3,1,1,0,0,0,1,0
534,2023-02-11,Romaine Lettuce,3,1,1,1,0,0,1,0
535,2023-02-11,Curry Chicken,3,0,0,0,0,0,1,0
536,2023-02-11,Vegan Cheese Pizza,3,1,1,0,0,0,0,0
537,2023-02-11,Classic Cheese Pizza,3,0,1,0,0,0,0,0
538,2023-02-11,Classic Pepperoni Pizza,3,0,0,0,0,0,0,0
539,2023-02-11,Cheese Bread ,3,0,1,0,0,0,0,0
540,2023-02-11,Spaghetti + Meatball Bake,3,0,0,0,0,0,0,0
541,2023-02-11,Alfredo Sauce,3,0,1,0,0,0,1,0
542,2023-02-11,Marinara Sauce ,3,1,1,1,0,0,1,0
543,2023-02-11,Penne Pasta,3,1,1,0,0,0,0,0
544,2023-02-11,White Chicken Chili,3,0,0,0,0,0,1,0
545,2023-02-11,Tuscan Minestrone Soup,3,1,1,1,0,0,0,0
546,2023-02-11,Ground Turkey Taco on Corn Tortilla,3,0,0,1,0,0,0,0
547,2023-02-11,Hot Tortilla Chips,3,1,1,0,0,0,1,0
548,2023-02-11,Chipotle Pinto Beans,3,1,1,1,0,0,1,0
549,2023-02-11,Queso Sauce ,3,0,1,0,0,0,1,0
550,2023-02-11,Jalapeno Peppers,3,1,1,1,0,0,1,0
551,2023-02-11,Iceberg Lettuce,3,1,1,1,1,0,1,0
552,2023-02-11,Black Olives,3,1,1,1,0,0,1,0
553,2023-02-11,Cheddar Cheese,3,0,1,0,0,0,1,0
554,2023-02-11,Pico Salsa,3,1,1,1,0,0,1,0
555,2023-02-11,Guacamole,3,1,1,1,0,0,1,0
556,2023-02-11,Sour Cream,3,0,0,0,0,0,1,0
557,2023-02-11,White Bread ,3,1,1,0,0,0,0,0
558,2023-02-11,Udi's Multigrain Bread,3,0,1,0,0,0,1,0
559,2023-02-11,Udi's White Bread,3,0,1,0,0,0,1,0
560,2023-02-11,Multigrain Bread,3,1,1,1,0,0,0,0
561,2023-02-11,Wheat Bread Slice,3,1,1,1,0,0,0,0
562,2023-02-11,Sourdough ,3,0,1,0,0,0,0,0
563,2023-02-11,Hoagie Roll,3,0,1,0,0,0,0,0
564,2023-02-11,12' Assorted Wraps,3,1,1,0,0,0,0,0
565,2023-02-11,Vegan American Sliced Cheese,3,1,1,0,0,0,1,0
566,2023-02-11,Sliced Ham,3,0,0,0,0,0,1,0
567,2023-02-11,Sliced Roast Beef,3,0,0,0,0,0,1,0
568,2023-02-11,Sliced Turkey,3,0,0,1,0,0,1,0
569,2023-02-11,Sliced Salami,3,0,0,0,0,0,1,0
570,2023-02-11,Chunky Chicken Salad,3,0,0,0,0,0,1,0
571,2023-02-11,Tuna Salad,3,0,0,0,0,0,1,0
572,2023-02-11,Grilled Chicken Breast,3,0,0,0,0,0,1,0
573,2023-02-11,Sliced Red Onion,3,1,1,1,0,0,1,0
574,2023-02-11,Heirloom Tomatoes,3,1,1,1,0,0,1,0
575,2023-02-11,Sliced Yellow American Cheese,3,0,1,0,0,0,1,0
576,2023-02-11,Sliced Pepper Jack Cheese,3,0,1,0,0,0,1,0
577,2023-02-11,Swiss Cheese,3,0,1,0,0,0,1,0
578,2023-02-11,Sliced Cheddar Cheese,3,0,1,0,0,0,1,0
579,2023-02-11,Black Olives,3,1,1,1,0,0,1,0
580,2023-02-11,Lettuce,3,1,1,1,1,0,1,0
581,2023-02-11,Sliced Dill Pickles ,3,1,1,1,0,0,1,0
582,2023-02-11,Banana Peppers,3,1,1,1,0,0,1,0
583,2023-02-11,Jalapeno Peppers,3,1,1,1,0,0,1,0
584,2023-02-11,Honey Chipotle Sauce,3,0,1,0,0,0,1,0
585,2023-02-11,Sriracha Mayonnaise,3,0,1,0,0,0,1,0
586,2023-02-11,Chipotle Mayonnaise,3,0,1,0,0,0,1,0
587,2023-02-11,Mayonnaise,3,0,1,0,0,0,1,0
588,2023-02-11,Yellow Mustard,3,1,1,1,0,0,1,0
589,2023-02-11,Spicy Brown Mustard,3,1,1,1,0,0,1,0
590,2023-02-11,Oil and Vinegar,3,1,1,1,0,0,1,0
591,2023-02-11,Nut-Free Pesto Sauce,3,0,1,0,0,0,1,0
592,2023-02-11,Strawberries,3,1,1,1,0,0,1,0
593,2023-02-11,Lite Italian Dressing,3,1,1,0,0,0,1,0
594,2023-02-11,Thousand Island Dressing,3,0,1,0,0,0,1,0
595,2023-02-11,Kidney Beans,3,1,1,1,0,0,1,0
596,2023-02-11,Low Fat Cottage Cheese,3,0,1,1,0,0,1,0
597,2023-02-11,Diced Chicken,3,0,0,1,0,0,0,0
598,2023-02-11,Vanilla Yogurt,3,0,1,1,0,0,1,0
599,2023-02-11,Oil and Vinegar,3,1,1,1,0,0,1,0
600,2023-02-11,Strawberry Yogurt,3,0,1,1,0,0,1,0
601,2023-02-11,Applesauce,3,1,1,1,0,0,1,0
602,2023-02-11,Kiwi,3,1,1,1,0,0,1,0
603,2023-02-11,Blueberries,3,1,1,1,0,0,1,0
604,2023-02-11,Strawberries,3,1,1,1,0,0,1,0
605,2023-02-11,Grapes,3,1,1,1,0,0,1,0
606,2023-02-11,Pineapple,3,1,1,1,0,0,1,0
607,2023-02-11,Honey Dew,3,1,1,1,0,0,1,0
608,2023-02-11,Cantaloupe,3,1,1,1,0,0,1,0
609,2023-02-11,Raisins,3,1,1,1,0,0,1,0
610,2023-02-11,Hummus,3,1,1,1,0,0,1,0
611,2023-02-11,Feta Cheese,3,0,1,0,0,0,1,0
612,2023-02-11,Cheddar Cheese,3,0,1,0,0,0,1,0
613,2023-02-11,Diced Tofu,3,1,1,1,1,0,1,0
614,2023-02-11,Quinoa,3,1,1,1,0,0,1,0
615,2023-02-11,Black Beans,3,1,1,1,0,0,1,0
616,2023-02-11,Garbanzo Beans,3,1,1,1,0,0,1,0
617,2023-02-11,Hard Boiled Eggs,3,0,1,0,0,0,0,0
618,2023-02-11,Bacon Bits,3,0,0,0,0,0,1,0
619,2023-02-11,Green Peppers,3,1,1,1,0,0,1,0
620,2023-02-11,Beets,3,1,1,1,0,0,1,0
621,2023-02-11,Sliced Red Onion,3,1,1,1,0,0,1,0
622,2023-02-11,Shredded Carrots,3,1,1,1,0,0,1,0
623,2023-02-11,Sliced Cucumber,3,1,1,1,0,0,1,0
624,2023-02-11,Grape Tomatoes,3,1,1,1,0,0,1,0
625,2023-02-11,Black Olives,3,1,1,1,0,0,1,0
626,2023-02-11,Spring Salad Mix,3,1,1,1,1,0,1,0
627,2023-02-11,Baby Spinach,3,1,1,1,0,0,1,0
628,2023-02-11,Iceberg Lettuce,3,1,1,1,0,0,1,0
629,2023-02-11,Croutons,3,0,1,0,0,0,0,0
630,2023-02-11,Sunflower Seeds,3,1,1,1,0,0,1,0
631,2023-02-11,Craisins,3,1,1,1,0,0,1,0
632,2023-02-11,Ranch Dressing,3,0,1,0,0,0,1,0
633,2023-02-11,Fat-Free Italian Dressing,3,1,1,0,0,0,1,0
634,2023-02-11,Fat-Free French Dressing,3,1,1,0,0,0,1,0
635,2023-02-11,Balsamic Vinaigrette,3,1,1,0,0,0,1,0
636,2023-02-11,Honey Mustard Dressing,3,0,1,0,0,0,1,0
637,2023-02-11,Blue Cheese Dressing,3,0,1,0,0,0,1,0
638,2023-02-11,Caesar Dressing,3,0,0,0,0,0,1,0
639,2023-02-11,Schar Ciabatta Roll,3,1,1,0,0,0,1,0
640,2023-02-11,JP's Brownie,3,1,1,0,0,0,1,0
641,2023-02-11,JP's GF Hawaiian Rolls,3,0,1,0,0,0,1,0
642,2023-02-11,JP's GF Vegan Chocolate Cupcake,3,1,1,0,0,0,1,0
643,2023-02-11,JP's Gluten-Free Blueberry Muffins,3,0,0,0,0,0,1,0
644,2023-02-11,JP's Key Lime Cheesecake Bar,3,0,1,0,0,0,1,0
645,2023-02-11,Katz Powdered Donut Holes,3,0,1,0,0,0,1,0
646,2023-02-11,Katz Cinnamon Donut Hole,3,0,1,0,0,0,1,0
647,2023-02-11,Katz Glazed Donut Holes,3,0,1,0,0,0,1,0
648,2023-02-11,Katz Oatmeal Creme Pie,3,0,1,0,0,0,1,0
649,2023-02-11,Kinnikinnick Birthday Cream Sandwich Cookie,3,1,1,0,0,0,1,0
650,2023-02-11,Kinnikinnick Mint Magic Sandwich Creme Cookies,3,1,1,0,0,0,1,0
651,2023-02-11,Kinnikinnick Cinnabun Fun Sandwich Creme Cookies,3,1,1,0,0,0,1,0
652,2023-02-11,Kinnikinnick Chocolate Sandwich Creme Cookies,3,1,1,0,0,0,1,0
653,2023-02-11,Kinnikinnick Cinnamon Sugar Donuts,3,0,1,0,0,0,1,0
654,2023-02-11,Kinnikinnick Vanilla Glazed Donuts,3,0,1,0,0,0,1,0
655,2023-02-11,O'Doughs Original Bagel,3,1,1,0,0,0,1,0
656,2023-02-11,O'doughs Everything Bagel,3,1,1,0,0,0,1,0
657,2023-02-11,O'Doughs Pumpernickel Bagel,3,1,1,0,0,0,1,0
658,2023-02-11,O'Doughs Original Sandwich Slices,3,1,1,0,0,0,1,0
659,2023-02-11,O'Doughs Multigrain Sandwich Slices,3,1,1,0,0,0,1,0
660,2023-02-11,Apple Jacks,3,0,1,0,0,0,0,0
661,2023-02-11,Cinnamon Toast Crunch,3,0,1,0,0,0,0,0
662,2023-02-11,Frosted Flakes,3,0,1,0,0,0,0,0
663,2023-02-11,Cocoa Puffs,3,0,1,0,0,0,0,0
664,2023-02-11,Lucky Charms,3,0,0,0,0,0,0,0
665,2023-02-11,Krave Chocolate Cereal,3,0,1,0,0,0,0,0
666,2023-02-11,Cheerios,3,0,1,1,0,0,1,0
667,2023-02-11,Raisin Bran,3,0,1,0,0,0,0,0
668,2023-02-11,Froot Loops,3,0,1,0,0,0,0,0
669,2023-02-11,Oats and Honey Granola,3,0,1,0,0,0,0,0
670,2023-02-11,Ranch,3,0,1,0,0,0,1,0
671,2023-02-11,Ketchup,3,1,1,0,0,0,1,0
672,2023-02-11,BBQ Sauce,3,1,1,0,0,0,1,0
673,2023-02-11,Sriracha Sauce,3,1,1,0,0,0,1,0
674,2023-02-11,Texas Pete Hot Sauce,3,1,1,1,0,0,1,0
675,2023-02-11,Mayonnaise,3,0,1,0,0,0,1,0
676,2023-02-11,Yellow Mustard,3,1,1,1,0,0,1,0
677,2023-02-11,Vegetable Cream Cheese,3,0,1,0,0,0,1,0
678,2023-02-11,Margarine,3,1,1,0,0,0,1,0
679,2023-02-11,Oil and Vinegar,3,1,1,1,0,0,1,0
680,2023-02-11,Tabasco Hot Sauce,3,1,1,1,0,0,1,0
681,2023-02-11,Grape Jelly,3,1,1,0,0,0,1,0
682,2023-02-11,Strawberry Jelly,3,1,1,0,0,0,1,0
683,2023-02-11,Peanut Butter,3,1,1,0,0,0,1,0
684,2023-02-11,Plain Cream Cheese Spread,3,0,1,0,0,0,1,0
685,2023-02-11,Strawberry Cream Cheese,3,0,1,0,0,0,1,0
686,2023-02-11,Chives and Onion Cream Cheese,3,0,1,1,0,0,1,0
687,2023-02-11,Plain Bagel,3,0,1,0,0,0,0,0
688,2023-02-11,Everything Bagel,3,0,1,0,0,0,0,0
689,2023-02-11,Blueberry Bagel,3,0,1,0,0,0,0,0
690,2023-02-11,Cheese Bagel,3,0,1,0,0,0,0,0
691,2023-02-11,Multigrain Bagel,3,1,1,0,0,0,0,0
692,2023-02-11,Rye Bread Slice,3,1,1,0,0,0,0,0
693,2023-02-11,Multigrain Bread,3,0,1,0,0,0,0,0
694,2023-02-11,Wheat Bread Slice,3,1,1,1,0,0,0,0
695,2023-02-11,Kaiser Roll,3,0,1,0,0,0,0,0
696,2023-02-11,Hoagie Roll,3,0,1,0,0,0,0,0
697,2023-02-11,100% Cranberry Juice,3,1,1,0,0,0,1,0
698,2023-02-11,Seasonal Hot Cocoa,3,0,1,0,0,0,1,0
699,2023-02-11,Seasonal Apple Cider,3,1,1,0,1,0,1,0
700,2023-02-11,Maola Whole Milk,3,0,1,0,0,0,1,0
701,2023-02-11,Maola 2% Reduced Fat Milk,3,0,1,0,0,0,1,0
702,2023-02-11,Maola Skim Milk,3,0,1,0,0,0,1,0
703,2023-02-11,Maola 1% Chocolate Milk,3,0,1,0,0,0,1,0
704,2023-02-11,100% Apple Juice,3,1,1,0,0,0,1,0
705,2023-02-11,100% Orange Juice,3,1,1,1,0,0,1,0
706,2023-02-11,Strawberry Kiwi Juice,3,1,1,0,0,0,1,0
707,2023-02-11,Larry's Coffee,3,1,1,1,1,1,1,0
708,2023-02-11,Larry's Decaf Coffee,3,1,1,1,1,1,1,0
709,2023-02-11,Southern Unsweet Tea,3,1,1,0,0,0,0,0
710,2023-02-11,Southern Sweet Tea,3,1,1,0,0,0,0,0
711,2023-02-11,Chocolate Soymilk,3,1,1,1,0,0,1,0
712,2023-02-11,Vanilla Soymilk,3,1,1,1,0,0,1,0
713,2023-02-11,Dr. Pepper,3,1,1,0,0,0,1,0
714,2023-02-11,Diet Dr. Pepper,3,1,1,0,0,0,1,0
715,2023-02-11,Root Beer,3,1,1,0,0,0,1,0
716,2023-02-11,Sunkist Orange,3,1,1,0,0,0,1,0
717,2023-02-11,Sierra Mist,3,1,1,0,0,0,1,0
718,2023-02-11,Tropicana Lemonade,3,1,1,0,0,0,1,0
719,2023-02-11,Tropicana Fruit Punch,3,1,1,0,0,0,1,0
720,2023-02-11,Mountain Dew,3,1,1,0,0,0,1,0
721,2023-02-11,Diet Mountain Dew,3,1,1,0,0,0,1,0
722,2023-02-11,SoBe Lifewater Pomegranate,3,1,1,0,0,0,0,0
723,2023-02-11,Brisk Green Tea Peach,3,1,1,0,0,0,0,0
724,2023-02-11,Cheerwine,3,1,1,0,0,0,1,0
725,2023-02-11,Diet Pepsi,3,1,1,0,0,0,1,0
726,2023-02-11,Pepsi,3,1,1,0,0,0,1,0
727,2023-02-11,Gatorade Fruit Punch,3,1,1,0,0,0,1,0
728,2023-02-11,Gatorade Orange,3,1,1,0,0,0,0,0
