date,itemName,mealTime,vegan,vegetarian,smartChoice,local,organic,madeWithoutGluten,halal,location
22,Waffle Bar,0,0,1,0,0,0,0,0,Chase
22,Lemon Blueberry Loaf Cake,0,0,1,0,0,0,1,0,Chase
22,Overnight Coconut & Mango Oats,0,1,1,1,0,0,1,0,Chase
22,Croissant,0,0,1,0,0,0,0,0,Chase
22,Chocolate Cappuccino Muffin,0,0,1,0,0,0,0,0,Chase
22,Guava Pastelitos,0,0,1,0,0,0,0,0,Chase
22,Assorted Donuts,0,0,1,0,0,0,0,0,Chase
22,Vanilla Soft Serve Ice Cream,0,0,1,0,0,0,1,0,Chase
22,Chocolate Soft Serve Ice Cream,0,0,1,0,0,0,1,0,Chase
22,Oatmeal,0,1,1,1,0,0,0,0,Chase
22,Pancake Syrup ,0,1,1,0,0,0,1,0,Chase
22,Veggie Rice Noodle Stir-Fry,0,0,1,0,0,0,0,0,Chase
22,Impossible Sausage Patty,0,1,1,0,0,0,1,0,Chase
22,Turkey Sausage Patty,0,0,0,0,0,0,1,0,Chase
22,Grits,0,1,1,1,0,0,1,0,Chase
22,Whole Wheat French Toast,0,0,1,1,0,0,0,0,Chase
22,Fried Tater Tots,0,1,1,0,0,0,1,0,Chase
22,Bacon,0,0,0,0,0,0,1,0,Chase
22,Scrambled Eggs,0,0,1,1,0,0,1,0,Chase
22,Pork Sausage Gravy,0,0,0,0,0,0,1,0,Chase
22,Biscuits,0,0,1,0,0,0,0,0,Chase
22,Egg,0,0,1,1,0,0,1,0,Chase
22,Egg Whites,0,0,1,1,0,0,1,0,Chase
22,Bacon Bits,0,0,0,0,0,0,1,0,Chase
22,Baby Spinach,0,1,1,1,0,0,1,0,Chase
22,Shredded Mozzarella,0,0,1,0,0,0,1,0,Chase
22,Sliced Vermont Cheddar Cheese,0,0,1,0,0,0,1,0,Chase
22,Cheddar Cheese,0,0,1,0,0,0,1,0,Chase
22,Hash Brown Potato Patty,0,1,1,0,0,0,0,0,Chase
22,Frozen Strawberries,0,1,1,1,0,0,1,0,Chase
22,Peaches,0,1,1,1,0,0,1,0,Chase
22,Vanilla Greek Yogurt,0,0,1,0,0,0,1,0,Chase
22,Blueberries,0,1,1,1,0,0,1,0,Chase
22,Sliced Bananas,0,1,1,1,0,0,1,0,Chase
22,Frozen Pineapple Cubes,0,1,1,1,0,0,1,0,Chase
22,Frozen Mango ,0,1,1,1,0,0,1,0,Chase
22,Baby Spinach,0,1,1,1,0,0,1,0,Chase
22,100% Apple Juice,0,1,1,0,0,0,1,0,Chase
22,100% Orange Juice,0,1,1,1,0,0,1,0,Chase
22,Low Fat Cottage Cheese,0,0,1,1,0,0,1,0,Chase
22,Strawberry Yogurt,0,0,1,1,0,0,1,0,Chase
22,Vanilla Yogurt,0,0,1,1,0,0,1,0,Chase
22,Applesauce,0,1,1,1,0,0,1,0,Chase
22,Grapes,0,1,1,1,0,0,1,0,Chase
22,Pineapple,0,1,1,1,0,0,1,0,Chase
22,Honey Dew,0,1,1,1,0,0,1,0,Chase
22,Cantaloupe,0,1,1,1,0,0,1,0,Chase
22,Raisins,0,1,1,1,0,0,1,0,Chase
22,Brown Sugar,0,1,1,0,0,0,1,0,Chase
22,Schar Ciabatta Roll,0,1,1,0,0,0,1,0,Chase
22,JP's Brownie,0,1,1,0,0,0,1,0,Chase
22,JP's GF Hawaiian Rolls,0,0,1,0,0,0,1,0,Chase
22,JP's GF Vegan Chocolate Cupcake,0,1,1,0,0,0,1,0,Chase
22,JP's Gluten-Free Blueberry Muffins,0,0,0,0,0,0,1,0,Chase
22,JP's Key Lime Cheesecake Bar,0,0,1,0,0,0,1,0,Chase
22,Katz Powdered Donut Holes,0,0,1,0,0,0,1,0,Chase
22,Katz Cinnamon Donut Hole,0,0,1,0,0,0,1,0,Chase
22,Katz Glazed Donut Holes,0,0,1,0,0,0,1,0,Chase
22,Katz Oatmeal Creme Pie,0,0,1,0,0,0,1,0,Chase
22,Kinnikinnick Birthday Cream Sandwich Cookie,0,1,1,0,0,0,1,0,Chase
22,Kinnikinnick Mint Magic Sandwich Creme Cookies,0,1,1,0,0,0,1,0,Chase
22,Kinnikinnick Cinnabun Fun Sandwich Creme Cookies,0,1,1,0,0,0,1,0,Chase
22,Kinnikinnick Chocolate Sandwich Creme Cookies,0,1,1,0,0,0,1,0,Chase
22,Kinnikinnick Cinnamon Sugar Donuts,0,0,1,0,0,0,1,0,Chase
22,Kinnikinnick Vanilla Glazed Donuts,0,0,1,0,0,0,1,0,Chase
22,O'Doughs Original Bagel,0,1,1,0,0,0,1,0,Chase
22,O'doughs Everything Bagel,0,1,1,0,0,0,1,0,Chase
22,O'Doughs Pumpernickel Bagel,0,1,1,0,0,0,1,0,Chase
22,O'Doughs Original Sandwich Slices,0,1,1,0,0,0,1,0,Chase
22,O'Doughs Multigrain Sandwich Slices,0,1,1,0,0,0,1,0,Chase
22,Apple Jacks,0,0,1,0,0,0,0,0,Chase
22,Cinnamon Toast Crunch,0,0,1,0,0,0,0,0,Chase
22,Frosted Flakes,0,0,1,0,0,0,0,0,Chase
22,Cocoa Puffs,0,0,1,0,0,0,0,0,Chase
22,Lucky Charms,0,0,0,0,0,0,0,0,Chase
22,Krave Chocolate Cereal,0,0,1,0,0,0,0,0,Chase
22,Cheerios,0,0,1,1,0,0,1,0,Chase
22,Raisin Bran,0,0,1,0,0,0,0,0,Chase
22,Froot Loops,0,0,1,0,0,0,0,0,Chase
22,Oats and Honey Granola,0,0,1,0,0,0,0,0,Chase
22,Ketchup,0,1,1,0,0,0,1,0,Chase
22,Oil and Vinegar,0,1,1,1,0,0,1,0,Chase
22,Strawberry Jelly,0,1,1,0,0,0,1,0,Chase
22,Strawberry Cream Cheese,0,0,1,0,0,0,1,0,Chase
22,Yellow Mustard,0,1,1,1,0,0,1,0,Chase
22,Original Creamer,0,0,1,0,0,0,1,0,Chase
22,French Vanilla Creamer,0,0,1,0,0,0,1,0,Chase
22,Hazelnut Creamer,0,0,1,0,0,0,1,0,Chase
22,Vegetable Cream Cheese,0,0,1,0,0,0,1,0,Chase
22,Creamy Peanut Butter,0,1,1,0,0,0,1,0,Chase
22,Texas Pete Hot Sauce,0,1,1,1,0,0,1,0,Chase
22,Sriracha Sauce,0,1,1,0,0,0,1,0,Chase
22,Ranch,0,0,1,0,0,0,1,0,Chase
22,Grape Jelly,0,1,1,0,0,0,1,0,Chase
22,Plain Cream Cheese Spread,0,0,1,0,0,0,1,0,Chase
22,Margarine,0,1,1,0,0,0,1,0,Chase
22,Plain Bagel,0,0,1,0,0,0,0,0,Chase
22,Everything Bagel,0,0,1,0,0,0,0,0,Chase
22,Blueberry Bagel,0,0,1,0,0,0,0,0,Chase
22,Cheese Bagel,0,0,1,0,0,0,0,0,Chase
22,Multigrain Bagel,0,1,1,0,0,0,0,0,Chase
22,Rye Bread Slice,0,1,1,0,0,0,0,0,Chase
22,Multigrain Bread,0,0,1,0,0,0,0,0,Chase
22,Wheat Bread Slice,0,1,1,1,0,0,0,0,Chase
22,Kaiser Roll,0,0,1,0,0,0,0,0,Chase
22,Hoagie Roll,0,0,1,0,0,0,0,0,Chase
22,100% Cranberry Juice,0,1,1,0,0,0,1,0,Chase
22,Seasonal Hot Cocoa,0,0,1,0,0,0,1,0,Chase
22,Seasonal Apple Cider,0,1,1,0,1,0,1,0,Chase
22,Maola Whole Milk,0,0,1,0,0,0,1,0,Chase
22,Maola 2% Reduced Fat Milk,0,0,1,0,0,0,1,0,Chase
22,Maola Skim Milk,0,0,1,0,0,0,1,0,Chase
22,Maola 1% Chocolate Milk,0,0,1,0,0,0,1,0,Chase
22,100% Apple Juice,0,1,1,0,0,0,1,0,Chase
22,100% Orange Juice,0,1,1,1,0,0,1,0,Chase
22,Strawberry Kiwi Juice,0,1,1,0,0,0,1,0,Chase
22,Larry's Coffee,0,1,1,1,1,1,1,0,Chase
22,Larry's Decaf Coffee,0,1,1,1,1,1,1,0,Chase
22,Southern Unsweet Tea,0,1,1,0,0,0,0,0,Chase
22,Southern Sweet Tea,0,1,1,0,0,0,0,0,Chase
22,Chocolate Soymilk,0,1,1,1,0,0,1,0,Chase
22,Vanilla Soymilk,0,1,1,1,0,0,1,0,Chase
22,Dr. Pepper,0,1,1,0,0,0,1,0,Chase
22,Diet Dr. Pepper,0,1,1,0,0,0,1,0,Chase
22,Root Beer,0,1,1,0,0,0,1,0,Chase
22,Sunkist Orange,0,1,1,0,0,0,1,0,Chase
22,Sierra Mist,0,1,1,0,0,0,1,0,Chase
22,Tropicana Lemonade,0,1,1,0,0,0,1,0,Chase
22,Tropicana Fruit Punch,0,1,1,0,0,0,1,0,Chase
22,Mountain Dew,0,1,1,0,0,0,1,0,Chase
22,Diet Mountain Dew,0,1,1,0,0,0,1,0,Chase
22,SoBe Lifewater Pomegranate,0,1,1,0,0,0,0,0,Chase
22,Brisk Green Tea Peach,0,1,1,0,0,0,0,0,Chase
22,Cheerwine,0,1,1,0,0,0,1,0,Chase
22,Diet Pepsi,0,1,1,0,0,0,1,0,Chase
22,Pepsi,0,1,1,0,0,0,1,0,Chase
22,Gatorade Fruit Punch,0,1,1,0,0,0,1,0,Chase
22,Gatorade Orange,0,1,1,0,0,0,0,0,Chase
22,Waffle Bar,1,0,1,0,0,0,0,0,Chase
22,Apple Crisp,1,1,1,0,0,0,1,0,Chase
22,Carrot Cake Bites with Walnuts,1,1,1,0,0,0,1,0,Chase
22,Peanut Butter Cheesecake,1,0,1,0,0,0,0,0,Chase
22,Decadent S'mores Cookie,1,0,0,0,0,0,0,0,Chase
22,Chocolate Soft Serve Ice Cream,1,0,1,0,0,0,1,0,Chase
22,Vanilla Soft Serve Ice Cream,1,0,1,0,0,0,1,0,Chase
22,Assorted Cookies,1,0,1,0,0,0,0,0,Chase
22,Fudge Brownie,1,0,1,0,0,0,0,0,Chase
22,Rice Krispie Treats,1,0,0,0,0,0,0,0,Chase
22,Tex Mex Grilled Pork Chop,1,0,0,1,0,0,1,0,Chase
22,Papas con Ejotes,1,1,1,1,0,0,1,0,Chase
22,White Rice,1,1,1,1,0,0,1,0,Chase
22,Seasoned Black Beans,1,1,1,1,0,0,1,0,Chase
22,Fried Chicken ,1,0,0,0,0,0,0,0,Chase
22,Lima Beans,1,1,1,1,0,0,1,0,Chase
22,Honey Glazed Baby Carrots,1,0,1,0,0,0,1,0,Chase
22,Chef Mashed Potatoes ,1,0,1,0,0,0,1,0,Chase
22,Chicken Gravy ,1,0,0,0,0,0,0,0,Chase
22,Local Grass-fed Burger Patties,1,0,0,0,1,0,1,0,Chase
22,Black Bean Burger Patty,1,0,1,1,0,0,0,0,Chase
22,Garden Burger Patty,1,0,1,1,0,0,0,0,Chase
22,Shoestring Fries,1,1,1,0,0,0,0,0,Chase
22,Udi's Gluten-Free Hamburger Bun,1,0,1,0,0,0,1,0,Chase
22,Hamburger Bun,1,1,1,0,0,0,0,0,Chase
22,Iceberg Lettuce,1,1,1,1,1,0,1,0,Chase
22,Sliced Dill Pickles ,1,1,1,1,0,0,1,0,Chase
22,Heirloom Tomatoes,1,1,1,1,0,0,1,0,Chase
22,Vegan Cheddar Cheese,1,1,1,0,0,0,0,0,Chase
22,Sliced Yellow American Cheese,1,0,1,0,0,0,1,0,Chase
22,Spicy Asian Burrito,1,1,1,0,0,0,0,0,Chase
22,Frozen Strawberries,1,1,1,1,0,0,1,0,Chase
22,Peaches,1,1,1,1,0,0,1,0,Chase
22,Vanilla Greek Yogurt,1,0,1,0,0,0,1,0,Chase
22,Blueberries,1,1,1,1,0,0,1,0,Chase
22,Sliced Bananas,1,1,1,1,0,0,1,0,Chase
22,Frozen Pineapple Cubes,1,1,1,1,0,0,1,0,Chase
22,Frozen Mango ,1,1,1,1,0,0,1,0,Chase
22,Baby Spinach,1,1,1,1,0,0,1,0,Chase
22,100% Apple Juice,1,1,1,0,0,0,1,0,Chase
22,100% Orange Juice,1,1,1,1,0,0,1,0,Chase
22,Shrimp Pad Thai ,1,0,0,0,1,0,1,0,Chase
22,Meat Lover's Pizza,1,0,0,0,0,0,0,0,Chase
22,Whipped Ricotta Kale Pizza,1,0,1,0,0,0,0,0,Chase
22,Classic Cheese Pizza,1,0,1,0,0,0,0,0,Chase
22,Classic Pepperoni Pizza,1,0,0,0,0,0,0,0,Chase
22,Cheese Bread ,1,0,1,0,0,0,0,0,Chase
22,Vegan Cheese Pizza,1,1,1,0,0,0,0,0,Chase
22,General Soy Nugget Poke Bowl,1,0,1,0,1,0,0,0,Chase
22,Tofu Poke Bowl,1,0,1,0,0,0,0,0,Chase
22,Soy Sauce,1,1,1,0,0,0,0,0,Chase
22,Sriracha Mayonnaise,1,0,1,0,0,0,1,0,Chase
22,Cheese- Stuffed Shells,1,0,1,0,0,0,0,0,Chase
22,Alfredo Sauce,1,0,1,0,0,0,1,0,Chase
22,Marinara Sauce ,1,1,1,1,0,0,1,0,Chase
22,Penne Pasta,1,1,1,0,0,0,0,0,Chase
22,Red Skin Potato Salad,1,0,1,0,0,0,1,0,Chase
22,Classic Macaroni Salad,1,0,1,0,0,0,0,0,Chase
22,Italian Lentil Salad,1,1,1,0,0,0,1,0,Chase
22,Corn Chowder ,1,0,1,0,0,0,0,0,Chase
22,Double Chicken Noodle Soup,1,0,0,1,0,0,0,0,Chase
22,Red Skin Potato Salad,1,0,1,0,0,0,1,0,Chase
22,Classic Macaroni Salad,1,0,1,0,0,0,0,0,Chase
22,Italian Lentil Salad,1,1,1,0,0,0,1,0,Chase
22,White Bread ,1,1,1,0,0,0,0,0,Chase
22,Udi's Multigrain Bread,1,0,1,0,0,0,1,0,Chase
22,Udi's White Bread,1,0,1,0,0,0,1,0,Chase
22,Multigrain Bread,1,1,1,1,0,0,0,0,Chase
22,Wheat Bread Slice,1,1,1,1,0,0,0,0,Chase
22,Sourdough ,1,0,1,0,0,0,0,0,Chase
22,Hoagie Roll,1,0,1,0,0,0,0,0,Chase
22,12' Assorted Wraps,1,1,1,0,0,0,0,0,Chase
22,Vegan American Sliced Cheese,1,1,1,0,0,0,1,0,Chase
22,Sliced Ham,1,0,0,0,0,0,1,0,Chase
22,Sliced Roast Beef,1,0,0,0,0,0,1,0,Chase
22,Sliced Turkey,1,0,0,1,0,0,1,0,Chase
22,Sliced Salami,1,0,0,0,0,0,1,0,Chase
22,Chunky Chicken Salad,1,0,0,0,0,0,1,0,Chase
22,Tuna Salad,1,0,0,0,0,0,1,0,Chase
22,Grilled Chicken Breast,1,0,0,0,0,0,1,0,Chase
22,Sliced Red Onion,1,1,1,1,0,0,1,0,Chase
22,Heirloom Tomatoes,1,1,1,1,0,0,1,0,Chase
22,Sliced Yellow American Cheese,1,0,1,0,0,0,1,0,Chase
22,Sliced Pepper Jack Cheese,1,0,1,0,0,0,1,0,Chase
22,Swiss Cheese,1,0,1,0,0,0,1,0,Chase
22,Sliced Cheddar Cheese,1,0,1,0,0,0,1,0,Chase
22,Black Olives,1,1,1,1,0,0,1,0,Chase
22,Lettuce,1,1,1,1,1,0,1,0,Chase
22,Sliced Dill Pickles ,1,1,1,1,0,0,1,0,Chase
22,Banana Peppers,1,1,1,1,0,0,1,0,Chase
22,Jalapeno Peppers,1,1,1,1,0,0,1,0,Chase
22,Honey Chipotle Sauce,1,0,1,0,0,0,1,0,Chase
22,Sriracha Mayonnaise,1,0,1,0,0,0,1,0,Chase
22,Chipotle Mayonnaise,1,0,1,0,0,0,1,0,Chase
22,Mayonnaise,1,0,1,0,0,0,1,0,Chase
22,Yellow Mustard,1,1,1,1,0,0,1,0,Chase
22,Spicy Brown Mustard,1,1,1,1,0,0,1,0,Chase
22,Oil and Vinegar,1,1,1,1,0,0,1,0,Chase
22,Nut-Free Pesto Sauce,1,0,1,0,0,0,1,0,Chase
22,Strawberries,1,1,1,1,0,0,1,0,Chase
22,Lite Italian Dressing,1,1,1,0,0,0,1,0,Chase
22,Thousand Island Dressing,1,0,1,0,0,0,1,0,Chase
22,Kidney Beans,1,1,1,1,0,0,1,0,Chase
22,Low Fat Cottage Cheese,1,0,1,1,0,0,1,0,Chase
22,Diced Chicken,1,0,0,1,0,0,0,0,Chase
22,Vanilla Yogurt,1,0,1,1,0,0,1,0,Chase
22,Oil and Vinegar,1,1,1,1,0,0,1,0,Chase
22,Strawberry Yogurt,1,0,1,1,0,0,1,0,Chase
22,Applesauce,1,1,1,1,0,0,1,0,Chase
22,Kiwi,1,1,1,1,0,0,1,0,Chase
22,Blueberries,1,1,1,1,0,0,1,0,Chase
22,Strawberries,1,1,1,1,0,0,1,0,Chase
22,Grapes,1,1,1,1,0,0,1,0,Chase
22,Pineapple,1,1,1,1,0,0,1,0,Chase
22,Honey Dew,1,1,1,1,0,0,1,0,Chase
22,Cantaloupe,1,1,1,1,0,0,1,0,Chase
22,Raisins,1,1,1,1,0,0,1,0,Chase
22,Hummus,1,1,1,1,0,0,1,0,Chase
22,Feta Cheese,1,0,1,0,0,0,1,0,Chase
22,Cheddar Cheese,1,0,1,0,0,0,1,0,Chase
22,Diced Tofu,1,1,1,1,1,0,1,0,Chase
22,Quinoa,1,1,1,1,0,0,1,0,Chase
22,Black Beans,1,1,1,1,0,0,1,0,Chase
22,Garbanzo Beans,1,1,1,1,0,0,1,0,Chase
22,Hard Boiled Eggs,1,0,1,0,0,0,0,0,Chase
22,Bacon Bits,1,0,0,0,0,0,1,0,Chase
22,Green Peppers,1,1,1,1,0,0,1,0,Chase
22,Beets,1,1,1,1,0,0,1,0,Chase
22,Sliced Red Onion,1,1,1,1,0,0,1,0,Chase
22,Shredded Carrots,1,1,1,1,0,0,1,0,Chase
22,Sliced Cucumber,1,1,1,1,0,0,1,0,Chase
22,Grape Tomatoes,1,1,1,1,0,0,1,0,Chase
22,Black Olives,1,1,1,1,0,0,1,0,Chase
22,Spring Salad Mix,1,1,1,1,1,0,1,0,Chase
22,Baby Spinach,1,1,1,1,0,0,1,0,Chase
22,Iceberg Lettuce,1,1,1,1,0,0,1,0,Chase
22,Croutons,1,0,1,0,0,0,0,0,Chase
22,Sunflower Seeds,1,1,1,1,0,0,1,0,Chase
22,Craisins,1,1,1,1,0,0,1,0,Chase
22,Ranch Dressing,1,0,1,0,0,0,1,0,Chase
22,Fat-Free Italian Dressing,1,1,1,0,0,0,1,0,Chase
22,Fat-Free French Dressing,1,1,1,0,0,0,1,0,Chase
22,Balsamic Vinaigrette,1,1,1,0,0,0,1,0,Chase
22,Honey Mustard Dressing,1,0,1,0,0,0,1,0,Chase
22,Blue Cheese Dressing,1,0,1,0,0,0,1,0,Chase
22,Caesar Dressing,1,0,0,0,0,0,1,0,Chase
22,Schar Ciabatta Roll,1,1,1,0,0,0,1,0,Chase
22,JP's Brownie,1,1,1,0,0,0,1,0,Chase
22,JP's GF Hawaiian Rolls,1,0,1,0,0,0,1,0,Chase
22,JP's GF Vegan Chocolate Cupcake,1,1,1,0,0,0,1,0,Chase
22,JP's Gluten-Free Blueberry Muffins,1,0,0,0,0,0,1,0,Chase
22,JP's Key Lime Cheesecake Bar,1,0,1,0,0,0,1,0,Chase
22,Katz Powdered Donut Holes,1,0,1,0,0,0,1,0,Chase
22,Katz Cinnamon Donut Hole,1,0,1,0,0,0,1,0,Chase
22,Katz Glazed Donut Holes,1,0,1,0,0,0,1,0,Chase
22,Katz Oatmeal Creme Pie,1,0,1,0,0,0,1,0,Chase
22,Kinnikinnick Birthday Cream Sandwich Cookie,1,1,1,0,0,0,1,0,Chase
22,Kinnikinnick Mint Magic Sandwich Creme Cookies,1,1,1,0,0,0,1,0,Chase
22,Kinnikinnick Cinnabun Fun Sandwich Creme Cookies,1,1,1,0,0,0,1,0,Chase
22,Kinnikinnick Chocolate Sandwich Creme Cookies,1,1,1,0,0,0,1,0,Chase
22,Kinnikinnick Cinnamon Sugar Donuts,1,0,1,0,0,0,1,0,Chase
22,Kinnikinnick Vanilla Glazed Donuts,1,0,1,0,0,0,1,0,Chase
22,O'Doughs Original Bagel,1,1,1,0,0,0,1,0,Chase
22,O'doughs Everything Bagel,1,1,1,0,0,0,1,0,Chase
22,O'Doughs Pumpernickel Bagel,1,1,1,0,0,0,1,0,Chase
22,O'Doughs Original Sandwich Slices,1,1,1,0,0,0,1,0,Chase
22,O'Doughs Multigrain Sandwich Slices,1,1,1,0,0,0,1,0,Chase
22,Apple Jacks,1,0,1,0,0,0,0,0,Chase
22,Cinnamon Toast Crunch,1,0,1,0,0,0,0,0,Chase
22,Frosted Flakes,1,0,1,0,0,0,0,0,Chase
22,Cocoa Puffs,1,0,1,0,0,0,0,0,Chase
22,Lucky Charms,1,0,0,0,0,0,0,0,Chase
22,Krave Chocolate Cereal,1,0,1,0,0,0,0,0,Chase
22,Cheerios,1,0,1,1,0,0,1,0,Chase
22,Raisin Bran,1,0,1,0,0,0,0,0,Chase
22,Froot Loops,1,0,1,0,0,0,0,0,Chase
22,Oats and Honey Granola,1,0,1,0,0,0,0,0,Chase
22,Ranch,1,0,1,0,0,0,1,0,Chase
22,Ketchup,1,1,1,0,0,0,1,0,Chase
22,BBQ Sauce,1,1,1,0,0,0,1,0,Chase
22,Sriracha Sauce,1,1,1,0,0,0,1,0,Chase
22,Texas Pete Hot Sauce,1,1,1,1,0,0,1,0,Chase
22,Mayonnaise,1,0,1,0,0,0,1,0,Chase
22,Yellow Mustard,1,1,1,1,0,0,1,0,Chase
22,Vegetable Cream Cheese,1,0,1,0,0,0,1,0,Chase
22,Margarine,1,1,1,0,0,0,1,0,Chase
22,Oil and Vinegar,1,1,1,1,0,0,1,0,Chase
22,Tabasco Hot Sauce,1,1,1,1,0,0,1,0,Chase
22,Grape Jelly,1,1,1,0,0,0,1,0,Chase
22,Strawberry Jelly,1,1,1,0,0,0,1,0,Chase
22,Peanut Butter,1,1,1,0,0,0,1,0,Chase
22,Plain Cream Cheese Spread,1,0,1,0,0,0,1,0,Chase
22,Strawberry Cream Cheese,1,0,1,0,0,0,1,0,Chase
22,Chives and Onion Cream Cheese,1,0,1,1,0,0,1,0,Chase
22,Plain Bagel,1,0,1,0,0,0,0,0,Chase
22,Everything Bagel,1,0,1,0,0,0,0,0,Chase
22,Blueberry Bagel,1,0,1,0,0,0,0,0,Chase
22,Cheese Bagel,1,0,1,0,0,0,0,0,Chase
22,Multigrain Bagel,1,1,1,0,0,0,0,0,Chase
22,Rye Bread Slice,1,1,1,0,0,0,0,0,Chase
22,Multigrain Bread,1,0,1,0,0,0,0,0,Chase
22,Wheat Bread Slice,1,1,1,1,0,0,0,0,Chase
22,Kaiser Roll,1,0,1,0,0,0,0,0,Chase
22,Hoagie Roll,1,0,1,0,0,0,0,0,Chase
22,100% Cranberry Juice,1,1,1,0,0,0,1,0,Chase
22,Seasonal Hot Cocoa,1,0,1,0,0,0,1,0,Chase
22,Seasonal Apple Cider,1,1,1,0,1,0,1,0,Chase
22,Maola Whole Milk,1,0,1,0,0,0,1,0,Chase
22,Maola 2% Reduced Fat Milk,1,0,1,0,0,0,1,0,Chase
22,Maola Skim Milk,1,0,1,0,0,0,1,0,Chase
22,Maola 1% Chocolate Milk,1,0,1,0,0,0,1,0,Chase
22,100% Apple Juice,1,1,1,0,0,0,1,0,Chase
22,100% Orange Juice,1,1,1,1,0,0,1,0,Chase
22,Strawberry Kiwi Juice,1,1,1,0,0,0,1,0,Chase
22,Larry's Coffee,1,1,1,1,1,1,1,0,Chase
22,Larry's Decaf Coffee,1,1,1,1,1,1,1,0,Chase
22,Southern Unsweet Tea,1,1,1,0,0,0,0,0,Chase
22,Southern Sweet Tea,1,1,1,0,0,0,0,0,Chase
22,Chocolate Soymilk,1,1,1,1,0,0,1,0,Chase
22,Vanilla Soymilk,1,1,1,1,0,0,1,0,Chase
22,Dr. Pepper,1,1,1,0,0,0,1,0,Chase
22,Diet Dr. Pepper,1,1,1,0,0,0,1,0,Chase
22,Root Beer,1,1,1,0,0,0,1,0,Chase
22,Sunkist Orange,1,1,1,0,0,0,1,0,Chase
22,Sierra Mist,1,1,1,0,0,0,1,0,Chase
22,Tropicana Lemonade,1,1,1,0,0,0,1,0,Chase
22,Tropicana Fruit Punch,1,1,1,0,0,0,1,0,Chase
22,Mountain Dew,1,1,1,0,0,0,1,0,Chase
22,Diet Mountain Dew,1,1,1,0,0,0,1,0,Chase
22,SoBe Lifewater Pomegranate,1,1,1,0,0,0,0,0,Chase
22,Brisk Green Tea Peach,1,1,1,0,0,0,0,0,Chase
22,Cheerwine,1,1,1,0,0,0,1,0,Chase
22,Diet Pepsi,1,1,1,0,0,0,1,0,Chase
22,Pepsi,1,1,1,0,0,0,1,0,Chase
22,Gatorade Fruit Punch,1,1,1,0,0,0,1,0,Chase
22,Gatorade Orange,1,1,1,0,0,0,0,0,Chase
22,Waffle Bar,2,0,1,0,0,0,0,0,Chase
22,Assorted Cookies,2,0,1,0,0,0,0,0,Chase
22,Rice Krispie Treats,2,0,0,0,0,0,0,0,Chase
22,Fudge Brownie,2,0,1,0,0,0,0,0,Chase
22,Chocolate Soft Serve Ice Cream,2,0,1,0,0,0,1,0,Chase
22,Vanilla Soft Serve Ice Cream,2,0,1,0,0,0,1,0,Chase
22,Classic Cheese Pizza,2,0,1,0,0,0,0,0,Chase
22,Classic Pepperoni Pizza,2,0,0,0,0,0,0,0,Chase
22,Cheese Bread ,2,0,1,0,0,0,0,0,Chase
22,Corn Chowder ,2,0,1,0,0,0,0,0,Chase
22,Double Chicken Noodle Soup,2,0,0,1,0,0,0,0,Chase
22,White Bread ,2,1,1,0,0,0,0,0,Chase
22,Udi's Multigrain Bread,2,0,1,0,0,0,1,0,Chase
22,Udi's White Bread,2,0,1,0,0,0,1,0,Chase
22,Multigrain Bread,2,1,1,1,0,0,0,0,Chase
22,Wheat Bread Slice,2,1,1,1,0,0,0,0,Chase
22,Sourdough ,2,0,1,0,0,0,0,0,Chase
22,Hoagie Roll,2,0,1,0,0,0,0,0,Chase
22,12' Assorted Wraps,2,1,1,0,0,0,0,0,Chase
22,Vegan American Sliced Cheese,2,1,1,0,0,0,1,0,Chase
22,Sliced Ham,2,0,0,0,0,0,1,0,Chase
22,Sliced Roast Beef,2,0,0,0,0,0,1,0,Chase
22,Sliced Turkey,2,0,0,1,0,0,1,0,Chase
22,Sliced Salami,2,0,0,0,0,0,1,0,Chase
22,Chunky Chicken Salad,2,0,0,0,0,0,1,0,Chase
22,Tuna Salad,2,0,0,0,0,0,1,0,Chase
22,Grilled Chicken Breast,2,0,0,0,0,0,1,0,Chase
22,Sliced Red Onion,2,1,1,1,0,0,1,0,Chase
22,Heirloom Tomatoes,2,1,1,1,0,0,1,0,Chase
22,Sliced Yellow American Cheese,2,0,1,0,0,0,1,0,Chase
22,Sliced Pepper Jack Cheese,2,0,1,0,0,0,1,0,Chase
22,Swiss Cheese,2,0,1,0,0,0,1,0,Chase
22,Sliced Cheddar Cheese,2,0,1,0,0,0,1,0,Chase
22,Black Olives,2,1,1,1,0,0,1,0,Chase
22,Lettuce,2,1,1,1,1,0,1,0,Chase
22,Sliced Dill Pickles ,2,1,1,1,0,0,1,0,Chase
22,Banana Peppers,2,1,1,1,0,0,1,0,Chase
22,Jalapeno Peppers,2,1,1,1,0,0,1,0,Chase
22,Honey Chipotle Sauce,2,0,1,0,0,0,1,0,Chase
22,Sriracha Mayonnaise,2,0,1,0,0,0,1,0,Chase
22,Chipotle Mayonnaise,2,0,1,0,0,0,1,0,Chase
22,Mayonnaise,2,0,1,0,0,0,1,0,Chase
22,Yellow Mustard,2,1,1,1,0,0,1,0,Chase
22,Spicy Brown Mustard,2,1,1,1,0,0,1,0,Chase
22,Oil and Vinegar,2,1,1,1,0,0,1,0,Chase
22,Nut-Free Pesto Sauce,2,0,1,0,0,0,1,0,Chase
22,Strawberries,2,1,1,1,0,0,1,0,Chase
22,Lite Italian Dressing,2,1,1,0,0,0,1,0,Chase
22,Thousand Island Dressing,2,0,1,0,0,0,1,0,Chase
22,Kidney Beans,2,1,1,1,0,0,1,0,Chase
22,Low Fat Cottage Cheese,2,0,1,1,0,0,1,0,Chase
22,Diced Chicken,2,0,0,1,0,0,0,0,Chase
22,Vanilla Yogurt,2,0,1,1,0,0,1,0,Chase
22,Oil and Vinegar,2,1,1,1,0,0,1,0,Chase
22,Strawberry Yogurt,2,0,1,1,0,0,1,0,Chase
22,Applesauce,2,1,1,1,0,0,1,0,Chase
22,Kiwi,2,1,1,1,0,0,1,0,Chase
22,Blueberries,2,1,1,1,0,0,1,0,Chase
22,Strawberries,2,1,1,1,0,0,1,0,Chase
22,Grapes,2,1,1,1,0,0,1,0,Chase
22,Pineapple,2,1,1,1,0,0,1,0,Chase
22,Honey Dew,2,1,1,1,0,0,1,0,Chase
22,Cantaloupe,2,1,1,1,0,0,1,0,Chase
22,Raisins,2,1,1,1,0,0,1,0,Chase
22,Hummus,2,1,1,1,0,0,1,0,Chase
22,Feta Cheese,2,0,1,0,0,0,1,0,Chase
22,Cheddar Cheese,2,0,1,0,0,0,1,0,Chase
22,Diced Tofu,2,1,1,1,1,0,1,0,Chase
22,Quinoa,2,1,1,1,0,0,1,0,Chase
22,Black Beans,2,1,1,1,0,0,1,0,Chase
22,Garbanzo Beans,2,1,1,1,0,0,1,0,Chase
22,Hard Boiled Eggs,2,0,1,0,0,0,0,0,Chase
22,Bacon Bits,2,0,0,0,0,0,1,0,Chase
22,Green Peppers,2,1,1,1,0,0,1,0,Chase
22,Beets,2,1,1,1,0,0,1,0,Chase
22,Sliced Red Onion,2,1,1,1,0,0,1,0,Chase
22,Shredded Carrots,2,1,1,1,0,0,1,0,Chase
22,Sliced Cucumber,2,1,1,1,0,0,1,0,Chase
22,Grape Tomatoes,2,1,1,1,0,0,1,0,Chase
22,Black Olives,2,1,1,1,0,0,1,0,Chase
22,Spring Salad Mix,2,1,1,1,1,0,1,0,Chase
22,Baby Spinach,2,1,1,1,0,0,1,0,Chase
22,Iceberg Lettuce,2,1,1,1,0,0,1,0,Chase
22,Croutons,2,0,1,0,0,0,0,0,Chase
22,Sunflower Seeds,2,1,1,1,0,0,1,0,Chase
22,Craisins,2,1,1,1,0,0,1,0,Chase
22,Ranch Dressing,2,0,1,0,0,0,1,0,Chase
22,Fat-Free Italian Dressing,2,1,1,0,0,0,1,0,Chase
22,Fat-Free French Dressing,2,1,1,0,0,0,1,0,Chase
22,Balsamic Vinaigrette,2,1,1,0,0,0,1,0,Chase
22,Honey Mustard Dressing,2,0,1,0,0,0,1,0,Chase
22,Blue Cheese Dressing,2,0,1,0,0,0,1,0,Chase
22,Caesar Dressing,2,0,0,0,0,0,1,0,Chase
22,Schar Ciabatta Roll,2,1,1,0,0,0,1,0,Chase
22,JP's Brownie,2,1,1,0,0,0,1,0,Chase
22,JP's GF Hawaiian Rolls,2,0,1,0,0,0,1,0,Chase
22,JP's GF Vegan Chocolate Cupcake,2,1,1,0,0,0,1,0,Chase
22,JP's Gluten-Free Blueberry Muffins,2,0,0,0,0,0,1,0,Chase
22,JP's Key Lime Cheesecake Bar,2,0,1,0,0,0,1,0,Chase
22,Katz Powdered Donut Holes,2,0,1,0,0,0,1,0,Chase
22,Katz Cinnamon Donut Hole,2,0,1,0,0,0,1,0,Chase
22,Katz Glazed Donut Holes,2,0,1,0,0,0,1,0,Chase
22,Katz Oatmeal Creme Pie,2,0,1,0,0,0,1,0,Chase
22,Kinnikinnick Birthday Cream Sandwich Cookie,2,1,1,0,0,0,1,0,Chase
22,Kinnikinnick Mint Magic Sandwich Creme Cookies,2,1,1,0,0,0,1,0,Chase
22,Kinnikinnick Cinnabun Fun Sandwich Creme Cookies,2,1,1,0,0,0,1,0,Chase
22,Kinnikinnick Chocolate Sandwich Creme Cookies,2,1,1,0,0,0,1,0,Chase
22,Kinnikinnick Cinnamon Sugar Donuts,2,0,1,0,0,0,1,0,Chase
22,Kinnikinnick Vanilla Glazed Donuts,2,0,1,0,0,0,1,0,Chase
22,O'Doughs Original Bagel,2,1,1,0,0,0,1,0,Chase
22,O'doughs Everything Bagel,2,1,1,0,0,0,1,0,Chase
22,O'Doughs Pumpernickel Bagel,2,1,1,0,0,0,1,0,Chase
22,O'Doughs Original Sandwich Slices,2,1,1,0,0,0,1,0,Chase
22,O'Doughs Multigrain Sandwich Slices,2,1,1,0,0,0,1,0,Chase
22,Apple Jacks,2,0,1,0,0,0,0,0,Chase
22,Cinnamon Toast Crunch,2,0,1,0,0,0,0,0,Chase
22,Frosted Flakes,2,0,1,0,0,0,0,0,Chase
22,Cocoa Puffs,2,0,1,0,0,0,0,0,Chase
22,Lucky Charms,2,0,0,0,0,0,0,0,Chase
22,Krave Chocolate Cereal,2,0,1,0,0,0,0,0,Chase
22,Cheerios,2,0,1,1,0,0,1,0,Chase
22,Raisin Bran,2,0,1,0,0,0,0,0,Chase
22,Froot Loops,2,0,1,0,0,0,0,0,Chase
22,Oats and Honey Granola,2,0,1,0,0,0,0,0,Chase
22,Ketchup,2,1,1,0,0,0,1,0,Chase
22,Oil and Vinegar,2,1,1,1,0,0,1,0,Chase
22,Strawberry Jelly,2,1,1,0,0,0,1,0,Chase
22,Strawberry Cream Cheese,2,0,1,0,0,0,1,0,Chase
22,Yellow Mustard,2,1,1,1,0,0,1,0,Chase
22,Original Creamer,2,0,1,0,0,0,1,0,Chase
22,French Vanilla Creamer,2,0,1,0,0,0,1,0,Chase
22,Hazelnut Creamer,2,0,1,0,0,0,1,0,Chase
22,Vegetable Cream Cheese,2,0,1,0,0,0,1,0,Chase
22,Creamy Peanut Butter,2,1,1,0,0,0,1,0,Chase
22,Texas Pete Hot Sauce,2,1,1,1,0,0,1,0,Chase
22,Sriracha Sauce,2,1,1,0,0,0,1,0,Chase
22,Ranch,2,0,1,0,0,0,1,0,Chase
22,Grape Jelly,2,1,1,0,0,0,1,0,Chase
22,Plain Cream Cheese Spread,2,0,1,0,0,0,1,0,Chase
22,Margarine,2,1,1,0,0,0,1,0,Chase
22,Plain Bagel,2,0,1,0,0,0,0,0,Chase
22,Everything Bagel,2,0,1,0,0,0,0,0,Chase
22,Blueberry Bagel,2,0,1,0,0,0,0,0,Chase
22,Cheese Bagel,2,0,1,0,0,0,0,0,Chase
22,Multigrain Bagel,2,1,1,0,0,0,0,0,Chase
22,Rye Bread Slice,2,1,1,0,0,0,0,0,Chase
22,Multigrain Bread,2,0,1,0,0,0,0,0,Chase
22,Wheat Bread Slice,2,1,1,1,0,0,0,0,Chase
22,Kaiser Roll,2,0,1,0,0,0,0,0,Chase
22,Hoagie Roll,2,0,1,0,0,0,0,0,Chase
22,100% Cranberry Juice,2,1,1,0,0,0,1,0,Chase
22,Seasonal Hot Cocoa,2,0,1,0,0,0,1,0,Chase
22,Seasonal Apple Cider,2,1,1,0,1,0,1,0,Chase
22,Maola Whole Milk,2,0,1,0,0,0,1,0,Chase
22,Maola 2% Reduced Fat Milk,2,0,1,0,0,0,1,0,Chase
22,Maola Skim Milk,2,0,1,0,0,0,1,0,Chase
22,Maola 1% Chocolate Milk,2,0,1,0,0,0,1,0,Chase
22,100% Apple Juice,2,1,1,0,0,0,1,0,Chase
22,100% Orange Juice,2,1,1,1,0,0,1,0,Chase
22,Strawberry Kiwi Juice,2,1,1,0,0,0,1,0,Chase
22,Larry's Coffee,2,1,1,1,1,1,1,0,Chase
22,Larry's Decaf Coffee,2,1,1,1,1,1,1,0,Chase
22,Southern Unsweet Tea,2,1,1,0,0,0,0,0,Chase
22,Southern Sweet Tea,2,1,1,0,0,0,0,0,Chase
22,Chocolate Soymilk,2,1,1,1,0,0,1,0,Chase
22,Vanilla Soymilk,2,1,1,1,0,0,1,0,Chase
22,Dr. Pepper,2,1,1,0,0,0,1,0,Chase
22,Diet Dr. Pepper,2,1,1,0,0,0,1,0,Chase
22,Root Beer,2,1,1,0,0,0,1,0,Chase
22,Sunkist Orange,2,1,1,0,0,0,1,0,Chase
22,Sierra Mist,2,1,1,0,0,0,1,0,Chase
22,Tropicana Lemonade,2,1,1,0,0,0,1,0,Chase
22,Tropicana Fruit Punch,2,1,1,0,0,0,1,0,Chase
22,Mountain Dew,2,1,1,0,0,0,1,0,Chase
22,Diet Mountain Dew,2,1,1,0,0,0,1,0,Chase
22,SoBe Lifewater Pomegranate,2,1,1,0,0,0,0,0,Chase
22,Brisk Green Tea Peach,2,1,1,0,0,0,0,0,Chase
22,Cheerwine,2,1,1,0,0,0,1,0,Chase
22,Diet Pepsi,2,1,1,0,0,0,1,0,Chase
22,Pepsi,2,1,1,0,0,0,1,0,Chase
22,Gatorade Fruit Punch,2,1,1,0,0,0,1,0,Chase
22,Gatorade Orange,2,1,1,0,0,0,0,0,Chase
22,Waffle Bar,3,0,1,0,0,0,0,0,Chase
22,Apple Crisp,3,1,1,0,0,0,1,0,Chase
22,Carrot Cake Bites with Walnuts,3,1,1,0,0,0,1,0,Chase
22,Peanut Butter Cheesecake,3,0,1,0,0,0,0,0,Chase
22,Decadent S'mores Cookie,3,0,0,0,0,0,0,0,Chase
22,Chocolate Soft Serve Ice Cream,3,0,1,0,0,0,1,0,Chase
22,Vanilla Soft Serve Ice Cream,3,0,1,0,0,0,1,0,Chase
22,Assorted Cookies,3,0,1,0,0,0,0,0,Chase
22,Fudge Brownie,3,0,1,0,0,0,0,0,Chase
22,Rice Krispie Treats,3,0,0,0,0,0,0,0,Chase
22,Chipotle Lime Chicken,3,0,0,1,0,0,1,1,Chase
22,Steamed Corn,3,1,1,1,0,0,1,0,Chase
22,Steamed Whole Green Beans,3,1,1,1,0,0,1,0,Chase
22,Vegetarian Baked Beans ,3,1,1,0,0,0,1,0,Chase
22,Chicken Tenders ,3,0,0,0,0,0,0,0,Chase
22,Steamed Corn,3,1,1,1,0,0,1,0,Chase
22,Roasted Squash,3,1,1,1,0,0,1,0,Chase
22,Mac & Cheese ,3,0,1,0,0,0,0,0,Chase
22,Chicken Cheesesteak Sandwich,3,0,0,0,0,0,0,0,Chase
22,Crinkle Cut Fries,3,1,1,0,0,0,0,0,Chase
22,Sliced Yellow American Cheese,3,0,1,0,0,0,1,0,Chase
22,Heirloom Tomatoes,3,1,1,1,0,0,1,0,Chase
22,Garden Burger Patty,3,0,1,1,0,0,0,0,Chase
22,Black Bean Burger Patty,3,0,1,1,0,0,0,0,Chase
22,Hamburger Bun,3,1,1,0,0,0,0,0,Chase
22,Pineapple Lentil Grain Bowl,3,1,1,1,0,0,0,0,Chase
22,Pineapple Lentil Grain Bowl,3,1,1,1,0,0,0,0,Chase
22,Grilled Pita,3,1,1,0,0,0,0,0,Chase
22,Salmon Penne with Vegetables,3,0,0,0,0,0,0,0,Chase
22,Meat Lover's Pizza,3,0,0,0,0,0,0,0,Chase
22,Whipped Ricotta Kale Pizza,3,0,1,0,0,0,0,0,Chase
22,Classic Cheese Pizza,3,0,1,0,0,0,0,0,Chase
22,Classic Pepperoni Pizza,3,0,0,0,0,0,0,0,Chase
22,Cheese Bread ,3,0,1,0,0,0,0,0,Chase
22,Vegan Cheese Pizza,3,1,1,0,0,0,0,0,Chase
22,General Soy Nugget Poke Bowl,3,0,1,0,1,0,0,0,Chase
22,Tofu Poke Bowl,3,0,1,0,0,0,0,0,Chase
22,Soy Sauce,3,1,1,0,0,0,0,0,Chase
22,Sriracha Mayonnaise,3,0,1,0,0,0,1,0,Chase
22,Penne Meatballs,3,0,0,0,0,0,0,0,Chase
22,Penne Pasta,3,1,1,0,0,0,0,0,Chase
22,Marinara Sauce ,3,1,1,1,0,0,1,0,Chase
22,Alfredo Sauce,3,0,1,0,0,0,1,0,Chase
22,Red Skin Potato Salad,3,0,1,0,0,0,1,0,Chase
22,Classic Macaroni Salad,3,0,1,0,0,0,0,0,Chase
22,Italian Lentil Salad,3,1,1,0,0,0,1,0,Chase
22,Corn Chowder ,3,0,1,0,0,0,0,0,Chase
22,Double Chicken Noodle Soup,3,0,0,1,0,0,0,0,Chase
22,Ground Beef,3,0,0,0,0,0,0,0,Chase
22,Hot Tortilla Chips,3,1,1,0,0,0,1,0,Chase
22,Cajun Pinto Beans,3,1,1,1,0,0,1,0,Chase
22,Guacamole,3,1,1,1,0,0,1,0,Chase
22,Pico Salsa,3,1,1,1,0,0,1,0,Chase
22,Cheddar Cheese,3,0,1,0,0,0,1,0,Chase
22,Black Olives,3,1,1,1,0,0,1,0,Chase
22,Iceberg Lettuce,3,1,1,1,1,0,1,0,Chase
22,Jalapeno Peppers,3,1,1,1,0,0,1,0,Chase
22,Queso Sauce ,3,0,1,0,0,0,1,0,Chase
22,Sour Cream,3,0,0,0,0,0,1,0,Chase
22,Cilantro Marinated Chicken,3,0,0,1,1,0,1,0,Chase
22,Shredded Parmesan Cheese,3,0,1,0,0,0,1,0,Chase
22,Italian Sausage,3,0,0,0,0,0,1,0,Chase
22,Mushrooms,3,1,1,1,0,0,1,0,Chase
22,Sliced Onions,3,1,1,1,0,0,1,0,Chase
22,Mixed Bell Peppers,3,1,1,1,0,0,1,0,Chase
22,Artichoke Hearts,3,1,1,1,0,0,1,0,Chase
22,Kalamata Olives,3,1,1,1,0,0,1,0,Chase
22,Bacon Bits,3,0,0,0,0,0,1,0,Chase
22,Diced Ham,3,0,0,0,0,0,1,0,Chase
22,Marinara Sauce ,3,1,1,1,0,0,1,0,Chase
22,Alfredo Sauce,3,0,1,0,0,0,1,0,Chase
22,Gemelli Pasta,3,1,1,0,0,0,0,0,Chase
22,White Bread ,3,1,1,0,0,0,0,0,Chase
22,Udi's Multigrain Bread,3,0,1,0,0,0,1,0,Chase
22,Udi's White Bread,3,0,1,0,0,0,1,0,Chase
22,Multigrain Bread,3,1,1,1,0,0,0,0,Chase
22,Wheat Bread Slice,3,1,1,1,0,0,0,0,Chase
22,Sourdough ,3,0,1,0,0,0,0,0,Chase
22,Hoagie Roll,3,0,1,0,0,0,0,0,Chase
22,12' Assorted Wraps,3,1,1,0,0,0,0,0,Chase
22,Vegan American Sliced Cheese,3,1,1,0,0,0,1,0,Chase
22,Sliced Ham,3,0,0,0,0,0,1,0,Chase
22,Sliced Roast Beef,3,0,0,0,0,0,1,0,Chase
22,Sliced Turkey,3,0,0,1,0,0,1,0,Chase
22,Sliced Salami,3,0,0,0,0,0,1,0,Chase
22,Chunky Chicken Salad,3,0,0,0,0,0,1,0,Chase
22,Tuna Salad,3,0,0,0,0,0,1,0,Chase
22,Grilled Chicken Breast,3,0,0,0,0,0,1,0,Chase
22,Sliced Red Onion,3,1,1,1,0,0,1,0,Chase
22,Heirloom Tomatoes,3,1,1,1,0,0,1,0,Chase
22,Sliced Yellow American Cheese,3,0,1,0,0,0,1,0,Chase
22,Sliced Pepper Jack Cheese,3,0,1,0,0,0,1,0,Chase
22,Swiss Cheese,3,0,1,0,0,0,1,0,Chase
22,Sliced Cheddar Cheese,3,0,1,0,0,0,1,0,Chase
22,Black Olives,3,1,1,1,0,0,1,0,Chase
22,Lettuce,3,1,1,1,1,0,1,0,Chase
22,Sliced Dill Pickles ,3,1,1,1,0,0,1,0,Chase
22,Banana Peppers,3,1,1,1,0,0,1,0,Chase
22,Jalapeno Peppers,3,1,1,1,0,0,1,0,Chase
22,Honey Chipotle Sauce,3,0,1,0,0,0,1,0,Chase
22,Sriracha Mayonnaise,3,0,1,0,0,0,1,0,Chase
22,Chipotle Mayonnaise,3,0,1,0,0,0,1,0,Chase
22,Mayonnaise,3,0,1,0,0,0,1,0,Chase
22,Yellow Mustard,3,1,1,1,0,0,1,0,Chase
22,Spicy Brown Mustard,3,1,1,1,0,0,1,0,Chase
22,Oil and Vinegar,3,1,1,1,0,0,1,0,Chase
22,Nut-Free Pesto Sauce,3,0,1,0,0,0,1,0,Chase
22,Strawberries,3,1,1,1,0,0,1,0,Chase
22,Lite Italian Dressing,3,1,1,0,0,0,1,0,Chase
22,Thousand Island Dressing,3,0,1,0,0,0,1,0,Chase
22,Kidney Beans,3,1,1,1,0,0,1,0,Chase
22,Low Fat Cottage Cheese,3,0,1,1,0,0,1,0,Chase
22,Diced Chicken,3,0,0,1,0,0,0,0,Chase
22,Vanilla Yogurt,3,0,1,1,0,0,1,0,Chase
22,Oil and Vinegar,3,1,1,1,0,0,1,0,Chase
22,Strawberry Yogurt,3,0,1,1,0,0,1,0,Chase
22,Applesauce,3,1,1,1,0,0,1,0,Chase
22,Kiwi,3,1,1,1,0,0,1,0,Chase
22,Blueberries,3,1,1,1,0,0,1,0,Chase
22,Strawberries,3,1,1,1,0,0,1,0,Chase
22,Grapes,3,1,1,1,0,0,1,0,Chase
22,Pineapple,3,1,1,1,0,0,1,0,Chase
22,Honey Dew,3,1,1,1,0,0,1,0,Chase
22,Cantaloupe,3,1,1,1,0,0,1,0,Chase
22,Raisins,3,1,1,1,0,0,1,0,Chase
22,Hummus,3,1,1,1,0,0,1,0,Chase
22,Feta Cheese,3,0,1,0,0,0,1,0,Chase
22,Cheddar Cheese,3,0,1,0,0,0,1,0,Chase
22,Diced Tofu,3,1,1,1,1,0,1,0,Chase
22,Quinoa,3,1,1,1,0,0,1,0,Chase
22,Black Beans,3,1,1,1,0,0,1,0,Chase
22,Garbanzo Beans,3,1,1,1,0,0,1,0,Chase
22,Hard Boiled Eggs,3,0,1,0,0,0,0,0,Chase
22,Bacon Bits,3,0,0,0,0,0,1,0,Chase
22,Green Peppers,3,1,1,1,0,0,1,0,Chase
22,Beets,3,1,1,1,0,0,1,0,Chase
22,Sliced Red Onion,3,1,1,1,0,0,1,0,Chase
22,Shredded Carrots,3,1,1,1,0,0,1,0,Chase
22,Sliced Cucumber,3,1,1,1,0,0,1,0,Chase
22,Grape Tomatoes,3,1,1,1,0,0,1,0,Chase
22,Black Olives,3,1,1,1,0,0,1,0,Chase
22,Spring Salad Mix,3,1,1,1,1,0,1,0,Chase
22,Baby Spinach,3,1,1,1,0,0,1,0,Chase
22,Iceberg Lettuce,3,1,1,1,0,0,1,0,Chase
22,Croutons,3,0,1,0,0,0,0,0,Chase
22,Sunflower Seeds,3,1,1,1,0,0,1,0,Chase
22,Craisins,3,1,1,1,0,0,1,0,Chase
22,Ranch Dressing,3,0,1,0,0,0,1,0,Chase
22,Fat-Free Italian Dressing,3,1,1,0,0,0,1,0,Chase
22,Fat-Free French Dressing,3,1,1,0,0,0,1,0,Chase
22,Balsamic Vinaigrette,3,1,1,0,0,0,1,0,Chase
22,Honey Mustard Dressing,3,0,1,0,0,0,1,0,Chase
22,Blue Cheese Dressing,3,0,1,0,0,0,1,0,Chase
22,Caesar Dressing,3,0,0,0,0,0,1,0,Chase
22,Schar Ciabatta Roll,3,1,1,0,0,0,1,0,Chase
22,JP's Brownie,3,1,1,0,0,0,1,0,Chase
22,JP's GF Hawaiian Rolls,3,0,1,0,0,0,1,0,Chase
22,JP's GF Vegan Chocolate Cupcake,3,1,1,0,0,0,1,0,Chase
22,JP's Gluten-Free Blueberry Muffins,3,0,0,0,0,0,1,0,Chase
22,JP's Key Lime Cheesecake Bar,3,0,1,0,0,0,1,0,Chase
22,Katz Powdered Donut Holes,3,0,1,0,0,0,1,0,Chase
22,Katz Cinnamon Donut Hole,3,0,1,0,0,0,1,0,Chase
22,Katz Glazed Donut Holes,3,0,1,0,0,0,1,0,Chase
22,Katz Oatmeal Creme Pie,3,0,1,0,0,0,1,0,Chase
22,Kinnikinnick Birthday Cream Sandwich Cookie,3,1,1,0,0,0,1,0,Chase
22,Kinnikinnick Mint Magic Sandwich Creme Cookies,3,1,1,0,0,0,1,0,Chase
22,Kinnikinnick Cinnabun Fun Sandwich Creme Cookies,3,1,1,0,0,0,1,0,Chase
22,Kinnikinnick Chocolate Sandwich Creme Cookies,3,1,1,0,0,0,1,0,Chase
22,Kinnikinnick Cinnamon Sugar Donuts,3,0,1,0,0,0,1,0,Chase
22,Kinnikinnick Vanilla Glazed Donuts,3,0,1,0,0,0,1,0,Chase
22,O'Doughs Original Bagel,3,1,1,0,0,0,1,0,Chase
22,O'doughs Everything Bagel,3,1,1,0,0,0,1,0,Chase
22,O'Doughs Pumpernickel Bagel,3,1,1,0,0,0,1,0,Chase
22,O'Doughs Original Sandwich Slices,3,1,1,0,0,0,1,0,Chase
22,O'Doughs Multigrain Sandwich Slices,3,1,1,0,0,0,1,0,Chase
22,Apple Jacks,3,0,1,0,0,0,0,0,Chase
22,Cinnamon Toast Crunch,3,0,1,0,0,0,0,0,Chase
22,Frosted Flakes,3,0,1,0,0,0,0,0,Chase
22,Cocoa Puffs,3,0,1,0,0,0,0,0,Chase
22,Lucky Charms,3,0,0,0,0,0,0,0,Chase
22,Krave Chocolate Cereal,3,0,1,0,0,0,0,0,Chase
22,Cheerios,3,0,1,1,0,0,1,0,Chase
22,Raisin Bran,3,0,1,0,0,0,0,0,Chase
22,Froot Loops,3,0,1,0,0,0,0,0,Chase
22,Oats and Honey Granola,3,0,1,0,0,0,0,0,Chase
22,Ranch,3,0,1,0,0,0,1,0,Chase
22,Ketchup,3,1,1,0,0,0,1,0,Chase
22,BBQ Sauce,3,1,1,0,0,0,1,0,Chase
22,Sriracha Sauce,3,1,1,0,0,0,1,0,Chase
22,Texas Pete Hot Sauce,3,1,1,1,0,0,1,0,Chase
22,Mayonnaise,3,0,1,0,0,0,1,0,Chase
22,Yellow Mustard,3,1,1,1,0,0,1,0,Chase
22,Vegetable Cream Cheese,3,0,1,0,0,0,1,0,Chase
22,Margarine,3,1,1,0,0,0,1,0,Chase
22,Oil and Vinegar,3,1,1,1,0,0,1,0,Chase
22,Tabasco Hot Sauce,3,1,1,1,0,0,1,0,Chase
22,Grape Jelly,3,1,1,0,0,0,1,0,Chase
22,Strawberry Jelly,3,1,1,0,0,0,1,0,Chase
22,Peanut Butter,3,1,1,0,0,0,1,0,Chase
22,Plain Cream Cheese Spread,3,0,1,0,0,0,1,0,Chase
22,Strawberry Cream Cheese,3,0,1,0,0,0,1,0,Chase
22,Chives and Onion Cream Cheese,3,0,1,1,0,0,1,0,Chase
22,Plain Bagel,3,0,1,0,0,0,0,0,Chase
22,Everything Bagel,3,0,1,0,0,0,0,0,Chase
22,Blueberry Bagel,3,0,1,0,0,0,0,0,Chase
22,Cheese Bagel,3,0,1,0,0,0,0,0,Chase
22,Multigrain Bagel,3,1,1,0,0,0,0,0,Chase
22,Rye Bread Slice,3,1,1,0,0,0,0,0,Chase
22,Multigrain Bread,3,0,1,0,0,0,0,0,Chase
22,Wheat Bread Slice,3,1,1,1,0,0,0,0,Chase
22,Kaiser Roll,3,0,1,0,0,0,0,0,Chase
22,Hoagie Roll,3,0,1,0,0,0,0,0,Chase
22,100% Cranberry Juice,3,1,1,0,0,0,1,0,Chase
22,Seasonal Hot Cocoa,3,0,1,0,0,0,1,0,Chase
22,Seasonal Apple Cider,3,1,1,0,1,0,1,0,Chase
22,Maola Whole Milk,3,0,1,0,0,0,1,0,Chase
22,Maola 2% Reduced Fat Milk,3,0,1,0,0,0,1,0,Chase
22,Maola Skim Milk,3,0,1,0,0,0,1,0,Chase
22,Maola 1% Chocolate Milk,3,0,1,0,0,0,1,0,Chase
22,100% Apple Juice,3,1,1,0,0,0,1,0,Chase
22,100% Orange Juice,3,1,1,1,0,0,1,0,Chase
22,Strawberry Kiwi Juice,3,1,1,0,0,0,1,0,Chase
22,Larry's Coffee,3,1,1,1,1,1,1,0,Chase
22,Larry's Decaf Coffee,3,1,1,1,1,1,1,0,Chase
22,Southern Unsweet Tea,3,1,1,0,0,0,0,0,Chase
22,Southern Sweet Tea,3,1,1,0,0,0,0,0,Chase
22,Chocolate Soymilk,3,1,1,1,0,0,1,0,Chase
22,Vanilla Soymilk,3,1,1,1,0,0,1,0,Chase
22,Dr. Pepper,3,1,1,0,0,0,1,0,Chase
22,Diet Dr. Pepper,3,1,1,0,0,0,1,0,Chase
22,Root Beer,3,1,1,0,0,0,1,0,Chase
22,Sunkist Orange,3,1,1,0,0,0,1,0,Chase
22,Sierra Mist,3,1,1,0,0,0,1,0,Chase
22,Tropicana Lemonade,3,1,1,0,0,0,1,0,Chase
22,Tropicana Fruit Punch,3,1,1,0,0,0,1,0,Chase
22,Mountain Dew,3,1,1,0,0,0,1,0,Chase
22,Diet Mountain Dew,3,1,1,0,0,0,1,0,Chase
22,SoBe Lifewater Pomegranate,3,1,1,0,0,0,0,0,Chase
22,Brisk Green Tea Peach,3,1,1,0,0,0,0,0,Chase
22,Cheerwine,3,1,1,0,0,0,1,0,Chase
22,Diet Pepsi,3,1,1,0,0,0,1,0,Chase
22,Pepsi,3,1,1,0,0,0,1,0,Chase
22,Gatorade Fruit Punch,3,1,1,0,0,0,1,0,Chase
22,Gatorade Orange,3,1,1,0,0,0,0,0,Chase
22,Waffle Bar,4,0,1,0,0,0,0,0,Chase
22,Assorted Cookies,4,0,1,0,0,0,0,0,Chase
22,Rice Krispie Treats,4,0,0,0,0,0,0,0,Chase
22,Fudge Brownie,4,0,1,0,0,0,0,0,Chase
22,Chocolate Soft Serve Ice Cream,4,0,1,0,0,0,1,0,Chase
22,Vanilla Soft Serve Ice Cream,4,0,1,0,0,0,1,0,Chase
22,Local Grass-fed Burger Patties,4,0,0,0,1,0,1,0,Chase
22,Shoestring Fries,4,1,1,0,0,0,0,0,Chase
22,Sliced Yellow American Cheese,4,0,1,0,0,0,1,0,Chase
22,Heirloom Tomatoes,4,1,1,1,0,0,1,0,Chase
22,Garden Burger Patty,4,0,1,1,0,0,0,0,Chase
22,Black Bean Burger Patty,4,0,1,1,0,0,0,0,Chase
22,Hamburger Bun,4,1,1,0,0,0,0,0,Chase
22,Classic Cheese Pizza,4,0,1,0,0,0,0,0,Chase
22,Classic Pepperoni Pizza,4,0,0,0,0,0,0,0,Chase
22,Cheese Bread ,4,0,1,0,0,0,0,0,Chase
22,Strawberries,4,1,1,1,0,0,1,0,Chase
22,Lite Italian Dressing,4,1,1,0,0,0,1,0,Chase
22,Thousand Island Dressing,4,0,1,0,0,0,1,0,Chase
22,Kidney Beans,4,1,1,1,0,0,1,0,Chase
22,Low Fat Cottage Cheese,4,0,1,1,0,0,1,0,Chase
22,Diced Chicken,4,0,0,1,0,0,0,0,Chase
22,Vanilla Yogurt,4,0,1,1,0,0,1,0,Chase
22,Oil and Vinegar,4,1,1,1,0,0,1,0,Chase
22,Strawberry Yogurt,4,0,1,1,0,0,1,0,Chase
22,Applesauce,4,1,1,1,0,0,1,0,Chase
22,Kiwi,4,1,1,1,0,0,1,0,Chase
22,Blueberries,4,1,1,1,0,0,1,0,Chase
22,Strawberries,4,1,1,1,0,0,1,0,Chase
22,Grapes,4,1,1,1,0,0,1,0,Chase
22,Pineapple,4,1,1,1,0,0,1,0,Chase
22,Honey Dew,4,1,1,1,0,0,1,0,Chase
22,Cantaloupe,4,1,1,1,0,0,1,0,Chase
22,Raisins,4,1,1,1,0,0,1,0,Chase
22,Hummus,4,1,1,1,0,0,1,0,Chase
22,Feta Cheese,4,0,1,0,0,0,1,0,Chase
22,Cheddar Cheese,4,0,1,0,0,0,1,0,Chase
22,Diced Tofu,4,1,1,1,1,0,1,0,Chase
22,Quinoa,4,1,1,1,0,0,1,0,Chase
22,Black Beans,4,1,1,1,0,0,1,0,Chase
22,Garbanzo Beans,4,1,1,1,0,0,1,0,Chase
22,Hard Boiled Eggs,4,0,1,0,0,0,0,0,Chase
22,Bacon Bits,4,0,0,0,0,0,1,0,Chase
22,Green Peppers,4,1,1,1,0,0,1,0,Chase
22,Beets,4,1,1,1,0,0,1,0,Chase
22,Sliced Red Onion,4,1,1,1,0,0,1,0,Chase
22,Shredded Carrots,4,1,1,1,0,0,1,0,Chase
22,Sliced Cucumber,4,1,1,1,0,0,1,0,Chase
22,Grape Tomatoes,4,1,1,1,0,0,1,0,Chase
22,Black Olives,4,1,1,1,0,0,1,0,Chase
22,Spring Salad Mix,4,1,1,1,1,0,1,0,Chase
22,Baby Spinach,4,1,1,1,0,0,1,0,Chase
22,Iceberg Lettuce,4,1,1,1,0,0,1,0,Chase
22,Croutons,4,0,1,0,0,0,0,0,Chase
22,Sunflower Seeds,4,1,1,1,0,0,1,0,Chase
22,Craisins,4,1,1,1,0,0,1,0,Chase
22,Ranch Dressing,4,0,1,0,0,0,1,0,Chase
22,Fat-Free Italian Dressing,4,1,1,0,0,0,1,0,Chase
22,Fat-Free French Dressing,4,1,1,0,0,0,1,0,Chase
22,Balsamic Vinaigrette,4,1,1,0,0,0,1,0,Chase
22,Honey Mustard Dressing,4,0,1,0,0,0,1,0,Chase
22,Blue Cheese Dressing,4,0,1,0,0,0,1,0,Chase
22,Caesar Dressing,4,0,0,0,0,0,1,0,Chase
22,Schar Ciabatta Roll,4,1,1,0,0,0,1,0,Chase
22,JP's Brownie,4,1,1,0,0,0,1,0,Chase
22,JP's GF Hawaiian Rolls,4,0,1,0,0,0,1,0,Chase
22,JP's GF Vegan Chocolate Cupcake,4,1,1,0,0,0,1,0,Chase
22,JP's Gluten-Free Blueberry Muffins,4,0,0,0,0,0,1,0,Chase
22,JP's Key Lime Cheesecake Bar,4,0,1,0,0,0,1,0,Chase
22,Katz Powdered Donut Holes,4,0,1,0,0,0,1,0,Chase
22,Katz Cinnamon Donut Hole,4,0,1,0,0,0,1,0,Chase
22,Katz Glazed Donut Holes,4,0,1,0,0,0,1,0,Chase
22,Katz Oatmeal Creme Pie,4,0,1,0,0,0,1,0,Chase
22,Kinnikinnick Birthday Cream Sandwich Cookie,4,1,1,0,0,0,1,0,Chase
22,Kinnikinnick Mint Magic Sandwich Creme Cookies,4,1,1,0,0,0,1,0,Chase
22,Kinnikinnick Cinnabun Fun Sandwich Creme Cookies,4,1,1,0,0,0,1,0,Chase
22,Kinnikinnick Chocolate Sandwich Creme Cookies,4,1,1,0,0,0,1,0,Chase
22,Kinnikinnick Cinnamon Sugar Donuts,4,0,1,0,0,0,1,0,Chase
22,Kinnikinnick Vanilla Glazed Donuts,4,0,1,0,0,0,1,0,Chase
22,O'Doughs Original Bagel,4,1,1,0,0,0,1,0,Chase
22,O'doughs Everything Bagel,4,1,1,0,0,0,1,0,Chase
22,O'Doughs Pumpernickel Bagel,4,1,1,0,0,0,1,0,Chase
22,O'Doughs Original Sandwich Slices,4,1,1,0,0,0,1,0,Chase
22,O'Doughs Multigrain Sandwich Slices,4,1,1,0,0,0,1,0,Chase
22,Apple Jacks,4,0,1,0,0,0,0,0,Chase
22,Cinnamon Toast Crunch,4,0,1,0,0,0,0,0,Chase
22,Frosted Flakes,4,0,1,0,0,0,0,0,Chase
22,Cocoa Puffs,4,0,1,0,0,0,0,0,Chase
22,Lucky Charms,4,0,0,0,0,0,0,0,Chase
22,Krave Chocolate Cereal,4,0,1,0,0,0,0,0,Chase
22,Cheerios,4,0,1,1,0,0,1,0,Chase
22,Raisin Bran,4,0,1,0,0,0,0,0,Chase
22,Froot Loops,4,0,1,0,0,0,0,0,Chase
22,Oats and Honey Granola,4,0,1,0,0,0,0,0,Chase
22,Ketchup,4,1,1,0,0,0,1,0,Chase
22,Oil and Vinegar,4,1,1,1,0,0,1,0,Chase
22,Strawberry Jelly,4,1,1,0,0,0,1,0,Chase
22,Strawberry Cream Cheese,4,0,1,0,0,0,1,0,Chase
22,Yellow Mustard,4,1,1,1,0,0,1,0,Chase
22,Original Creamer,4,0,1,0,0,0,1,0,Chase
22,French Vanilla Creamer,4,0,1,0,0,0,1,0,Chase
22,Hazelnut Creamer,4,0,1,0,0,0,1,0,Chase
22,Vegetable Cream Cheese,4,0,1,0,0,0,1,0,Chase
22,Creamy Peanut Butter,4,1,1,0,0,0,1,0,Chase
22,Texas Pete Hot Sauce,4,1,1,1,0,0,1,0,Chase
22,Sriracha Sauce,4,1,1,0,0,0,1,0,Chase
22,Ranch,4,0,1,0,0,0,1,0,Chase
22,Grape Jelly,4,1,1,0,0,0,1,0,Chase
22,Plain Cream Cheese Spread,4,0,1,0,0,0,1,0,Chase
22,Margarine,4,1,1,0,0,0,1,0,Chase
22,Plain Bagel,4,0,1,0,0,0,0,0,Chase
22,Everything Bagel,4,0,1,0,0,0,0,0,Chase
22,Blueberry Bagel,4,0,1,0,0,0,0,0,Chase
22,Cheese Bagel,4,0,1,0,0,0,0,0,Chase
22,Multigrain Bagel,4,1,1,0,0,0,0,0,Chase
22,Rye Bread Slice,4,1,1,0,0,0,0,0,Chase
22,Multigrain Bread,4,0,1,0,0,0,0,0,Chase
22,Wheat Bread Slice,4,1,1,1,0,0,0,0,Chase
22,Kaiser Roll,4,0,1,0,0,0,0,0,Chase
22,Hoagie Roll,4,0,1,0,0,0,0,0,Chase
22,100% Cranberry Juice,4,1,1,0,0,0,1,0,Chase
22,Seasonal Hot Cocoa,4,0,1,0,0,0,1,0,Chase
22,Seasonal Apple Cider,4,1,1,0,1,0,1,0,Chase
22,Maola Whole Milk,4,0,1,0,0,0,1,0,Chase
22,Maola 2% Reduced Fat Milk,4,0,1,0,0,0,1,0,Chase
22,Maola Skim Milk,4,0,1,0,0,0,1,0,Chase
22,Maola 1% Chocolate Milk,4,0,1,0,0,0,1,0,Chase
22,100% Apple Juice,4,1,1,0,0,0,1,0,Chase
22,100% Orange Juice,4,1,1,1,0,0,1,0,Chase
22,Strawberry Kiwi Juice,4,1,1,0,0,0,1,0,Chase
22,Larry's Coffee,4,1,1,1,1,1,1,0,Chase
22,Larry's Decaf Coffee,4,1,1,1,1,1,1,0,Chase
22,Southern Unsweet Tea,4,1,1,0,0,0,0,0,Chase
22,Southern Sweet Tea,4,1,1,0,0,0,0,0,Chase
22,Chocolate Soymilk,4,1,1,1,0,0,1,0,Chase
22,Vanilla Soymilk,4,1,1,1,0,0,1,0,Chase
22,Dr. Pepper,4,1,1,0,0,0,1,0,Chase
22,Diet Dr. Pepper,4,1,1,0,0,0,1,0,Chase
22,Root Beer,4,1,1,0,0,0,1,0,Chase
22,Sunkist Orange,4,1,1,0,0,0,1,0,Chase
22,Sierra Mist,4,1,1,0,0,0,1,0,Chase
22,Tropicana Lemonade,4,1,1,0,0,0,1,0,Chase
22,Tropicana Fruit Punch,4,1,1,0,0,0,1,0,Chase
22,Mountain Dew,4,1,1,0,0,0,1,0,Chase
22,Diet Mountain Dew,4,1,1,0,0,0,1,0,Chase
22,SoBe Lifewater Pomegranate,4,1,1,0,0,0,0,0,Chase
22,Brisk Green Tea Peach,4,1,1,0,0,0,0,0,Chase
22,Cheerwine,4,1,1,0,0,0,1,0,Chase
22,Diet Pepsi,4,1,1,0,0,0,1,0,Chase
22,Pepsi,4,1,1,0,0,0,1,0,Chase
22,Gatorade Fruit Punch,4,1,1,0,0,0,1,0,Chase
22,Gatorade Orange,4,1,1,0,0,0,0,0,Chase
22,Waffle Bar,5,0,1,0,0,0,0,0,Chase
22,Strawberry Banana Smoothie,5,0,1,0,0,0,1,0,Chase
22,Assorted Cookies,5,0,1,0,0,0,0,0,Chase
22,Rice Krispie Treats,5,0,0,0,0,0,0,0,Chase
22,Fudge Brownie,5,0,1,0,0,0,0,0,Chase
22,Chocolate Soft Serve Ice Cream,5,0,1,0,0,0,1,0,Chase
22,Vanilla Soft Serve Ice Cream,5,0,1,0,0,0,1,0,Chase
22,Whole Wheat French Toast,5,0,1,1,0,0,0,0,Chase
22,Impossible Sausage Patty,5,1,1,0,0,0,1,0,Chase
22,Fried Tater Tots,5,1,1,0,0,0,1,0,Chase
22,Bacon,5,0,0,0,0,0,1,0,Chase
22,Scrambled Eggs,5,0,1,1,0,0,1,0,Chase
22,Pork Sausage Gravy,5,0,0,0,0,0,1,0,Chase
22,Biscuits,5,0,1,0,0,0,0,0,Chase
22,Pancake Syrup ,5,1,1,0,0,0,1,0,Chase
22,Chipotle Chicken Sandwich,5,0,0,0,0,0,0,0,Chase
22,Hamburger Bun,5,1,1,0,0,0,0,0,Chase
22,Shoestring Fries,5,1,1,0,0,0,0,0,Chase
22,Chipotle Chicken Sandwich,5,0,0,0,0,0,0,0,Chase
22,Sliced Yellow American Cheese,5,0,1,0,0,0,1,0,Chase
22,Heirloom Tomatoes,5,1,1,1,0,0,1,0,Chase
22,Garden Burger Patty,5,0,1,1,0,0,0,0,Chase
22,Black Bean Burger Patty,5,0,1,1,0,0,0,0,Chase
22,Classic Cheese Pizza,5,0,1,0,0,0,0,0,Chase
22,Classic Pepperoni Pizza,5,0,0,0,0,0,0,0,Chase
22,Cheese Bread ,5,0,1,0,0,0,0,0,Chase
22,Ground Beef,5,0,0,0,0,0,0,0,Chase
22,Hot Tortilla Chips,5,1,1,0,0,0,1,0,Chase
22,Pico Salsa,5,1,1,1,0,0,1,0,Chase
22,Cheddar Cheese,5,0,1,0,0,0,1,0,Chase
22,Jalapeno Peppers,5,1,1,1,0,0,1,0,Chase
22,Sour Cream,5,0,0,0,0,0,1,0,Chase
22,Guacamole,5,1,1,1,0,0,1,0,Chase
22,White Bread ,5,1,1,0,0,0,0,0,Chase
22,Udi's Multigrain Bread,5,0,1,0,0,0,1,0,Chase
22,Udi's White Bread,5,0,1,0,0,0,1,0,Chase
22,Multigrain Bread,5,1,1,1,0,0,0,0,Chase
22,Wheat Bread Slice,5,1,1,1,0,0,0,0,Chase
22,Sourdough ,5,0,1,0,0,0,0,0,Chase
22,Hoagie Roll,5,0,1,0,0,0,0,0,Chase
22,12' Assorted Wraps,5,1,1,0,0,0,0,0,Chase
22,Vegan American Sliced Cheese,5,1,1,0,0,0,1,0,Chase
22,Sliced Ham,5,0,0,0,0,0,1,0,Chase
22,Sliced Roast Beef,5,0,0,0,0,0,1,0,Chase
22,Sliced Turkey,5,0,0,1,0,0,1,0,Chase
22,Sliced Salami,5,0,0,0,0,0,1,0,Chase
22,Chunky Chicken Salad,5,0,0,0,0,0,1,0,Chase
22,Tuna Salad,5,0,0,0,0,0,1,0,Chase
22,Grilled Chicken Breast,5,0,0,0,0,0,1,0,Chase
22,Sliced Red Onion,5,1,1,1,0,0,1,0,Chase
22,Heirloom Tomatoes,5,1,1,1,0,0,1,0,Chase
22,Sliced Yellow American Cheese,5,0,1,0,0,0,1,0,Chase
22,Sliced Pepper Jack Cheese,5,0,1,0,0,0,1,0,Chase
22,Swiss Cheese,5,0,1,0,0,0,1,0,Chase
22,Sliced Cheddar Cheese,5,0,1,0,0,0,1,0,Chase
22,Black Olives,5,1,1,1,0,0,1,0,Chase
22,Lettuce,5,1,1,1,1,0,1,0,Chase
22,Sliced Dill Pickles ,5,1,1,1,0,0,1,0,Chase
22,Banana Peppers,5,1,1,1,0,0,1,0,Chase
22,Jalapeno Peppers,5,1,1,1,0,0,1,0,Chase
22,Honey Chipotle Sauce,5,0,1,0,0,0,1,0,Chase
22,Sriracha Mayonnaise,5,0,1,0,0,0,1,0,Chase
22,Chipotle Mayonnaise,5,0,1,0,0,0,1,0,Chase
22,Mayonnaise,5,0,1,0,0,0,1,0,Chase
22,Yellow Mustard,5,1,1,1,0,0,1,0,Chase
22,Spicy Brown Mustard,5,1,1,1,0,0,1,0,Chase
22,Oil and Vinegar,5,1,1,1,0,0,1,0,Chase
22,Nut-Free Pesto Sauce,5,0,1,0,0,0,1,0,Chase
22,Strawberries,5,1,1,1,0,0,1,0,Chase
22,Lite Italian Dressing,5,1,1,0,0,0,1,0,Chase
22,Thousand Island Dressing,5,0,1,0,0,0,1,0,Chase
22,Kidney Beans,5,1,1,1,0,0,1,0,Chase
22,Low Fat Cottage Cheese,5,0,1,1,0,0,1,0,Chase
22,Diced Chicken,5,0,0,1,0,0,0,0,Chase
22,Vanilla Yogurt,5,0,1,1,0,0,1,0,Chase
22,Oil and Vinegar,5,1,1,1,0,0,1,0,Chase
22,Strawberry Yogurt,5,0,1,1,0,0,1,0,Chase
22,Applesauce,5,1,1,1,0,0,1,0,Chase
22,Kiwi,5,1,1,1,0,0,1,0,Chase
22,Blueberries,5,1,1,1,0,0,1,0,Chase
22,Strawberries,5,1,1,1,0,0,1,0,Chase
22,Grapes,5,1,1,1,0,0,1,0,Chase
22,Pineapple,5,1,1,1,0,0,1,0,Chase
22,Honey Dew,5,1,1,1,0,0,1,0,Chase
22,Cantaloupe,5,1,1,1,0,0,1,0,Chase
22,Raisins,5,1,1,1,0,0,1,0,Chase
22,Hummus,5,1,1,1,0,0,1,0,Chase
22,Feta Cheese,5,0,1,0,0,0,1,0,Chase
22,Cheddar Cheese,5,0,1,0,0,0,1,0,Chase
22,Diced Tofu,5,1,1,1,1,0,1,0,Chase
22,Quinoa,5,1,1,1,0,0,1,0,Chase
22,Black Beans,5,1,1,1,0,0,1,0,Chase
22,Garbanzo Beans,5,1,1,1,0,0,1,0,Chase
22,Hard Boiled Eggs,5,0,1,0,0,0,0,0,Chase
22,Bacon Bits,5,0,0,0,0,0,1,0,Chase
22,Green Peppers,5,1,1,1,0,0,1,0,Chase
22,Beets,5,1,1,1,0,0,1,0,Chase
22,Sliced Red Onion,5,1,1,1,0,0,1,0,Chase
22,Shredded Carrots,5,1,1,1,0,0,1,0,Chase
22,Sliced Cucumber,5,1,1,1,0,0,1,0,Chase
22,Grape Tomatoes,5,1,1,1,0,0,1,0,Chase
22,Black Olives,5,1,1,1,0,0,1,0,Chase
22,Spring Salad Mix,5,1,1,1,1,0,1,0,Chase
22,Baby Spinach,5,1,1,1,0,0,1,0,Chase
22,Iceberg Lettuce,5,1,1,1,0,0,1,0,Chase
22,Croutons,5,0,1,0,0,0,0,0,Chase
22,Sunflower Seeds,5,1,1,1,0,0,1,0,Chase
22,Craisins,5,1,1,1,0,0,1,0,Chase
22,Ranch Dressing,5,0,1,0,0,0,1,0,Chase
22,Fat-Free Italian Dressing,5,1,1,0,0,0,1,0,Chase
22,Fat-Free French Dressing,5,1,1,0,0,0,1,0,Chase
22,Balsamic Vinaigrette,5,1,1,0,0,0,1,0,Chase
22,Honey Mustard Dressing,5,0,1,0,0,0,1,0,Chase
22,Blue Cheese Dressing,5,0,1,0,0,0,1,0,Chase
22,Caesar Dressing,5,0,0,0,0,0,1,0,Chase
22,Schar Ciabatta Roll,5,1,1,0,0,0,1,0,Chase
22,JP's Brownie,5,1,1,0,0,0,1,0,Chase
22,JP's GF Hawaiian Rolls,5,0,1,0,0,0,1,0,Chase
22,JP's GF Vegan Chocolate Cupcake,5,1,1,0,0,0,1,0,Chase
22,JP's Gluten-Free Blueberry Muffins,5,0,0,0,0,0,1,0,Chase
22,JP's Key Lime Cheesecake Bar,5,0,1,0,0,0,1,0,Chase
22,Katz Powdered Donut Holes,5,0,1,0,0,0,1,0,Chase
22,Katz Cinnamon Donut Hole,5,0,1,0,0,0,1,0,Chase
22,Katz Glazed Donut Holes,5,0,1,0,0,0,1,0,Chase
22,Katz Oatmeal Creme Pie,5,0,1,0,0,0,1,0,Chase
22,Kinnikinnick Birthday Cream Sandwich Cookie,5,1,1,0,0,0,1,0,Chase
22,Kinnikinnick Mint Magic Sandwich Creme Cookies,5,1,1,0,0,0,1,0,Chase
22,Kinnikinnick Cinnabun Fun Sandwich Creme Cookies,5,1,1,0,0,0,1,0,Chase
22,Kinnikinnick Chocolate Sandwich Creme Cookies,5,1,1,0,0,0,1,0,Chase
22,Kinnikinnick Cinnamon Sugar Donuts,5,0,1,0,0,0,1,0,Chase
22,Kinnikinnick Vanilla Glazed Donuts,5,0,1,0,0,0,1,0,Chase
22,O'Doughs Original Bagel,5,1,1,0,0,0,1,0,Chase
22,O'doughs Everything Bagel,5,1,1,0,0,0,1,0,Chase
22,O'Doughs Pumpernickel Bagel,5,1,1,0,0,0,1,0,Chase
22,O'Doughs Original Sandwich Slices,5,1,1,0,0,0,1,0,Chase
22,O'Doughs Multigrain Sandwich Slices,5,1,1,0,0,0,1,0,Chase
22,Apple Jacks,5,0,1,0,0,0,0,0,Chase
22,Cinnamon Toast Crunch,5,0,1,0,0,0,0,0,Chase
22,Frosted Flakes,5,0,1,0,0,0,0,0,Chase
22,Cocoa Puffs,5,0,1,0,0,0,0,0,Chase
22,Lucky Charms,5,0,0,0,0,0,0,0,Chase
22,Krave Chocolate Cereal,5,0,1,0,0,0,0,0,Chase
22,Cheerios,5,0,1,1,0,0,1,0,Chase
22,Raisin Bran,5,0,1,0,0,0,0,0,Chase
22,Froot Loops,5,0,1,0,0,0,0,0,Chase
22,Oats and Honey Granola,5,0,1,0,0,0,0,0,Chase
22,Ketchup,5,1,1,0,0,0,1,0,Chase
22,Oil and Vinegar,5,1,1,1,0,0,1,0,Chase
22,Strawberry Jelly,5,1,1,0,0,0,1,0,Chase
22,Strawberry Cream Cheese,5,0,1,0,0,0,1,0,Chase
22,Yellow Mustard,5,1,1,1,0,0,1,0,Chase
22,Original Creamer,5,0,1,0,0,0,1,0,Chase
22,French Vanilla Creamer,5,0,1,0,0,0,1,0,Chase
22,Hazelnut Creamer,5,0,1,0,0,0,1,0,Chase
22,Vegetable Cream Cheese,5,0,1,0,0,0,1,0,Chase
22,Creamy Peanut Butter,5,1,1,0,0,0,1,0,Chase
22,Texas Pete Hot Sauce,5,1,1,1,0,0,1,0,Chase
22,Sriracha Sauce,5,1,1,0,0,0,1,0,Chase
22,Ranch,5,0,1,0,0,0,1,0,Chase
22,Grape Jelly,5,1,1,0,0,0,1,0,Chase
22,Plain Cream Cheese Spread,5,0,1,0,0,0,1,0,Chase
22,Margarine,5,1,1,0,0,0,1,0,Chase
22,100% Cranberry Juice,5,1,1,0,0,0,1,0,Chase
22,Seasonal Hot Cocoa,5,0,1,0,0,0,1,0,Chase
22,Seasonal Apple Cider,5,1,1,0,1,0,1,0,Chase
22,Maola Whole Milk,5,0,1,0,0,0,1,0,Chase
22,Maola 2% Reduced Fat Milk,5,0,1,0,0,0,1,0,Chase
22,Maola Skim Milk,5,0,1,0,0,0,1,0,Chase
22,Maola 1% Chocolate Milk,5,0,1,0,0,0,1,0,Chase
22,100% Apple Juice,5,1,1,0,0,0,1,0,Chase
22,100% Orange Juice,5,1,1,1,0,0,1,0,Chase
22,Strawberry Kiwi Juice,5,1,1,0,0,0,1,0,Chase
22,Larry's Coffee,5,1,1,1,1,1,1,0,Chase
22,Larry's Decaf Coffee,5,1,1,1,1,1,1,0,Chase
22,Southern Unsweet Tea,5,1,1,0,0,0,0,0,Chase
22,Southern Sweet Tea,5,1,1,0,0,0,0,0,Chase
22,Chocolate Soymilk,5,1,1,1,0,0,1,0,Chase
22,Vanilla Soymilk,5,1,1,1,0,0,1,0,Chase
22,Dr. Pepper,5,1,1,0,0,0,1,0,Chase
22,Diet Dr. Pepper,5,1,1,0,0,0,1,0,Chase
22,Root Beer,5,1,1,0,0,0,1,0,Chase
22,Sunkist Orange,5,1,1,0,0,0,1,0,Chase
22,Sierra Mist,5,1,1,0,0,0,1,0,Chase
22,Tropicana Lemonade,5,1,1,0,0,0,1,0,Chase
22,Tropicana Fruit Punch,5,1,1,0,0,0,1,0,Chase
22,Mountain Dew,5,1,1,0,0,0,1,0,Chase
22,Diet Mountain Dew,5,1,1,0,0,0,1,0,Chase
22,SoBe Lifewater Pomegranate,5,1,1,0,0,0,0,0,Chase
22,Brisk Green Tea Peach,5,1,1,0,0,0,0,0,Chase
22,Cheerwine,5,1,1,0,0,0,1,0,Chase
22,Diet Pepsi,5,1,1,0,0,0,1,0,Chase
22,Pepsi,5,1,1,0,0,0,1,0,Chase
22,Gatorade Fruit Punch,5,1,1,0,0,0,1,0,Chase
22,Gatorade Orange,5,1,1,0,0,0,0,0,Chase
